series,week,celebrity,professional,dance,total_score,score_count,avg_score,note
1,1,Natasha Kaplinsky,Brendan,Cha-Cha-Cha,27,4,6.75,
1,1,Lesley Garrett,Anton,Waltz,29,4,7.25,
1,1,Christopher Parker,Hanna,Cha-Cha-Cha,19,4,4.75,
1,1,Jason Wood,Kylie,Waltz,21,4,5.25,
1,1,Verona Joseph,Paul,Cha-Cha-Cha,27,4,6.75,
1,1,Claire Sweeney,John,Waltz,27,4,6.75,
1,1,David Dickinson,Camilla,Cha-Cha-Cha,16,4,4.0,
1,1,Martin Offiah,Erin,Waltz,25,4,6.25,
1,2,Natasha Kaplinsky,Brendan,Quickstep,31,4,7.75,
1,2,Martin Offiah,Erin,Rumba,21,4,5.25,
1,2,Christopher Parker,Hanna,Quickstep,23,4,5.75,
1,2,Claire Sweeney,John,Rumba,26,4,6.5,
1,2,Verona Joseph,Paul,Quickstep,24,4,6.0,
1,2,Jason Wood,Kylie,Rumba,19,4,4.75,
1,2,David Dickinson,Camilla,Quickstep,21,4,5.25,
1,2,Lesley Garrett,Anton,Rumba,27,4,6.75,
1,3,Verona Joseph,Paul,Jive,24,4,6.0,
1,3,Lesley Garrett,Anton,Tango,29,4,7.25,
1,3,Martin Offiah,Erin,Jive,21,4,5.25,
1,3,David Dickinson,Camilla,Tango,20,4,5.0,
1,3,Christopher Parker,Hanna,Jive,19,4,4.75,
1,3,Claire Sweeney,John,Tango,34,4,8.5,
1,3,Natasha Kaplinsky,Brendan,Jive,26,4,6.5,
1,4,Claire Sweeney,John,Paso Doble,31,4,7.75,
1,4,Christopher Parker,Hanna,Foxtrot,28,4,7.0,
1,4,Verona Joseph,Paul,Paso Doble,24,4,6.0,
1,4,Natasha Kaplinsky,Brendan,Foxtrot,35,4,8.75,
1,4,Lesley Garrett,Anton,Paso Doble,30,4,7.5,
1,4,Martin Offiah,Erin,Foxtrot,24,4,6.0,
1,5,Lesley Garrett,Anton,Samba,27,4,6.75,
1,5,Martin Offiah,Erin,Samba,22,4,5.5,
1,5,Christopher Parker,Hanna,Samba,15,4,3.75,
1,5,Claire Sweeney,John,Samba,32,4,8.0,
1,5,Natasha Kaplinsky,Brendan,Samba,37,4,9.25,
1,6,Martin Offiah,Erin,Quickstep,24,4,6.0,
1,6,Martin Offiah,Erin,Cha Cha Cha,24,4,6.0,
1,6,Natasha Kaplinsky,Brendan,Tango,31,4,7.75,
1,6,Natasha Kaplinsky,Brendan,Rumba,36,4,9.0,
1,6,Christopher Parker,Hanna,Waltz,22,4,5.5,
1,6,Christopher Parker,Hanna,Paso Doble,15,4,3.75,
1,6,Lesley Garrett,Anton,Foxtrot,34,4,8.5,
1,6,Lesley Garrett,Anton,Cha Cha Cha,26,4,6.5,
1,7,Lesley Garrett,Anton,Quickstep,33,4,8.25,
1,7,Lesley Garrett,Anton,Jive,29,4,7.25,
1,7,Natasha Kaplinsky,Brendan,Waltz,36,4,9.0,
1,7,Natasha Kaplinsky,Brendan,Paso Doble,35,4,8.75,
1,7,Christopher Parker,Hanna,Tango,21,4,5.25,
1,7,Christopher Parker,Hanna,Rumba,16,4,4.0,
1,8,Natasha Kaplinsky,Brendan,Quickstep,36,4,9.0,
1,8,Natasha Kaplinsky,Brendan,Samba,31,4,7.75,
1,8,Natasha Kaplinsky,Brendan,Showdance,35,4,8.75,
1,8,Christopher Parker,Hanna,Waltz,24,4,6.0,
1,8,Christopher Parker,Hanna,Jive,17,4,4.25,
1,8,Christopher Parker,Hanna,Showdance,22,4,5.5,
2,1,Julian Clary,Erin,Cha Cha Cha,19,4,4.75,
2,1,Carol Vorderman,Paul,Waltz,22,4,5.5,
2,1,Diarmuid Gavin,Nicole,Cha Cha Cha,12,4,3.0,
2,1,Esther Rantzen,Anton,Waltz,24,4,6.0,
2,1,Quentin Willson,Hazel,Cha Cha Cha,8,4,2.0,
2,1,Sarah Manners,Brendan,Waltz,28,4,7.0,
2,1,Roger Black,Camilla,Cha Cha Cha,25,4,6.25,
2,1,Denise Lewis,Ian,Waltz,31,4,7.75,
2,1,Aled Jones,Lilia,Cha Cha Cha,29,4,7.25,
2,1,Jill Halfpenny,Darren,Waltz,27,4,6.75,
2,2,Jill Halfpenny,Darren,Rumba,32,4,8.0,
2,2,Aled Jones,Lilia,Quickstep,27,4,6.75,
2,2,Sarah Manners,Brendan,Rumba,23,4,5.75,
2,2,Roger Black,Camilla,Quickstep,22,4,5.5,
2,2,Esther Rantzen,Anton,Rumba,16,4,4.0,
2,2,Diarmuid Gavin,Nicole,Quickstep,12,4,3.0,
2,2,Carol Vorderman,Paul,Rumba,20,4,5.0,
2,2,Julian Clary,Erin,Quickstep,27,4,6.75,
2,2,Denise Lewis,Ian,Rumba,32,4,8.0,
2,3,Roger Black,Camilla,Jive,25,4,6.25,
2,3,Julian Clary,Erin,Tango,27,4,6.75,
2,3,Jill Halfpenny,Darren,Jive,35,4,8.75,
2,3,Esther Rantzen,Anton,Tango,16,4,4.0,
2,3,Denise Lewis,Ian,Jive,25,4,6.25,
2,3,Diarmuid Gavin,Nicole,Tango,14,4,3.5,
2,3,Aled Jones,Lilia,Jive,32,4,8.0,
2,3,Sarah Manners,Brendan,Tango,31,4,7.75,
2,4,Denise Lewis,Ian,Foxtrot,30,4,7.5,
2,4,Sarah Manners,Brendan,Paso Doble,29,4,7.25,
2,4,Aled Jones,Lilia,Foxtrot,25,4,6.25,
2,4,Julian Clary,Erin,Paso Doble,20,4,5.0,
2,4,Roger Black,Camilla,Foxtrot,29,4,7.25,
2,4,Diarmuid Gavin,Nicole,Paso Doble,17,4,4.25,
2,4,Jill Halfpenny,Darren,Foxtrot,34,4,8.5,
2,5,Sarah Manners,Brendan,Samba,23,4,5.75,
2,5,Julian Clary,Erin,Samba,24,4,6.0,
2,5,Denise Lewis,Ian,Samba,32,4,8.0,
2,5,Roger Black,Camilla,Samba,23,4,5.75,
2,5,Jill Halfpenny,Darren,Samba,35,4,8.75,
2,5,Aled Jones,Lilia,Samba,30,4,7.5,
2,6,Roger Black,Camilla,Waltz,22,4,5.5,
2,6,Roger Black,Camilla,Rumba,19,4,4.75,
2,6,Jill Halfpenny,Darren,Quickstep,32,4,8.0,
2,6,Jill Halfpenny,Darren,Cha Cha Cha,36,4,9.0,
2,6,Julian Clary,Erin,Waltz,28,4,7.0,
2,6,Julian Clary,Erin,Rumba,27,4,6.75,
2,6,Denise Lewis,Ian,Quickstep,34,4,8.5,
2,6,Denise Lewis,Ian,Cha Cha Cha,33,4,8.25,
2,6,Aled Jones,Lilia,Waltz,29,4,7.25,
2,6,Aled Jones,Lilia,Rumba,27,4,6.75,
2,7,Aled Jones,Lilia,Tango,27,4,6.75,
2,7,Jill Halfpenny,Darren,Tango,29,4,7.25,
2,7,Julian Clary,Erin,Foxtrot,24,4,6.0,
2,7,Denise Lewis,Ian,Tango,35,4,8.75,
2,7,Aled Jones,Lilia,Paso Doble,30,4,7.5,
2,7,Jill Halfpenny,Darren,Paso Doble,37,4,9.25,
2,7,Julian Clary,Erin,Jive,21,4,5.25,
2,7,Denise Lewis,Ian,Paso Doble,36,4,9.0,
2,8,Denise Lewis,Ian,Quickstep,38,4,9.5,
2,8,Jill Halfpenny,Darren,Foxtrot,34,4,8.5,
2,8,Julian Clary,Erin,Quickstep,29,4,7.25,
2,8,Denise Lewis,Ian,Samba,33,4,8.25,
2,8,Jill Halfpenny,Darren,Jive,40,4,10.0,
2,8,Julian Clary,Erin,Samba,23,4,5.75,
3,1,Darren Gough,Lilia,Cha-Cha-Cha,19,4,4.75,
3,1,Patsy Palmer,Anton,Waltz,19,4,4.75,
3,1,Colin Jackson,Erin,Cha-Cha-Cha,32,4,8.0,
3,1,Siobhan Hayes,Matthew,Waltz,15,4,3.75,
3,1,James Martin,Camilla,Cha-Cha-Cha,22,4,5.5,
3,1,Gloria Hunniford,Darren,Waltz,22,4,5.5,
3,1,Will Thorp,Hanna,Cha-Cha-Cha,18,4,4.5,
3,1,Jaye Jacobs,Andrew,Waltz,25,4,6.25,
3,1,Bill Turnbull,Karen,Cha-Cha-Cha,29,4,7.25,
3,1,Fiona Phillips,Brendan,Waltz,11,4,2.75,
3,1,Dennis Taylor,Izabela,Cha-Cha-Cha,20,4,5.0,
3,1,Zoe Ball,Ian,Waltz,35,4,8.75,
3,2,James Martin,Camilla,Quickstep,29,4,7.25,
3,2,Jaye Jacobs,Andrew,Rumba,21,4,5.25,
3,2,Dennis Taylor,Izabela,Quickstep,18,4,4.5,
3,2,Patsy Palmer,Anton,Rumba,26,4,6.5,
3,2,Darren Gough,Lilia,Quickstep,30,4,7.5,
3,2,Zoe Ball,Ian,Rumba,32,4,8.0,
3,2,Will Thorp,Hanna,Quickstep,29,4,7.25,
3,2,Gloria Hunniford,Darren,Rumba,17,4,4.25,
3,2,Bill Turnbull,Karen,Quickstep,23,4,5.75,
3,2,Fiona Phillips,Brendan,Rumba,13,4,3.25,
3,2,Colin Jackson,Erin,Quickstep,36,4,9.0,
3,3,Zoe Ball,Ian,Jive,29,4,7.25,
3,3,Bill Turnbull,Karen,Tango,20,4,5.0,
3,3,Dennis Taylor,Izabela,Jive,22,4,5.5,
3,3,Patsy Palmer,Anton,Tango,34,4,8.5,
3,3,Will Thorp,Hanna,Jive,25,4,6.25,
3,3,Colin Jackson,Erin,Tango,26,4,6.5,
3,3,Gloria Hunniford,Darren,Jive,19,4,4.75,
3,3,James Martin,Camilla,Tango,28,4,7.0,
3,3,Fiona Phillips,Brendan,Jive,16,4,4.0,
3,3,Darren Gough,Lilia,Tango,33,4,8.25,
3,4,Colin Jackson,Erin,Paso Doble,31,4,7.75,
3,4,Zoe Ball,Ian,Foxtrot,36,4,9.0,
3,4,Dennis Taylor,Izabela,Paso Doble,15,4,3.75,
3,4,Will Thorp,Hanna,Foxtrot,34,4,8.5,
3,4,James Martin,Camilla,Paso Doble,29,4,7.25,
3,4,Fiona Phillips,Brendan,Foxtrot,20,4,5.0,
3,4,Bill Turnbull,Karen,Paso Doble,25,4,6.25,
3,4,Patsy Palmer,Anton,Foxtrot,31,4,7.75,
3,4,Darren Gough,Lilia,Paso Doble,34,4,8.5,
3,5,Darren Gough,Lilia,Viennese Waltz,28,4,7.0,
3,5,Dennis Taylor,Izabela,Samba,23,4,5.75,
3,5,Will Thorp,Hanna,Viennese Waltz,23,4,5.75,
3,5,Colin Jackson,Erin,Samba,32,4,8.0,
3,5,Bill Turnbull,Karen,Viennese Waltz,27,4,6.75,
3,5,Patsy Palmer,Anton,Samba,26,4,6.5,
3,5,James Martin,Camilla,Viennese Waltz,29,4,7.25,
3,5,Zoe Ball,Ian,Samba,35,4,8.75,
3,6,James Martin,Camilla,Jive,20,4,5.0,
3,6,Zoe Ball,Ian,Quickstep,36,4,9.0,
3,6,Bill Turnbull,Karen,Rumba,17,4,4.25,
3,6,Will Thorp,Hanna,Tango,28,4,7.0,
3,6,Patsy Palmer,Anton,Quickstep,31,4,7.75,
3,6,Darren Gough,Lilia,Jive,30,4,7.5,
3,6,Colin Jackson,Erin,Foxtrot,32,4,8.0,
3,7,Bill Turnbull,Karen,Waltz,25,4,6.25,
3,7,Patsy Palmer,Anton,Cha-Cha-Cha,24,4,6.0,
3,7,Colin Jackson,Erin,Viennese Waltz,34,4,8.5,
3,7,Zoe Ball,Ian,Tango,38,4,9.5,
3,7,Darren Gough,Lilia,Foxtrot,34,4,8.5,
3,7,James Martin,Camilla,Waltz,32,4,8.0,
3,8,Colin Jackson,Erin,Rumba,36,4,9.0,
3,8,Colin Jackson,Erin,American Smooth,37,4,9.25,
3,8,James Martin,Camilla,Samba,20,4,5.0,
3,8,James Martin,Camilla,American Smooth,28,4,7.0,
3,8,Patsy Palmer,Anton,Jive,27,4,6.75,
3,8,Patsy Palmer,Anton,American Smooth,31,4,7.75,
3,8,Darren Gough,Lilia,Rumba,30,4,7.5,
3,8,Darren Gough,Lilia,American Smooth,32,4,8.0,
3,8,Zoe Ball,Ian,Cha-Cha-Cha,32,4,8.0,
3,8,Zoe Ball,Ian,American Smooth,36,4,9.0,
3,9,Darren Gough,Lilia,Waltz,35,4,8.75,
3,9,Darren Gough,Lilia,Samba,29,4,7.25,
3,9,Zoe Ball,Ian,Viennese Waltz,36,4,9.0,
3,9,Zoe Ball,Ian,Paso Doble,33,4,8.25,
3,9,James Martin,Camilla,Foxtrot,33,4,8.25,
3,9,James Martin,Camilla,Rumba,22,4,5.5,
3,9,Colin Jackson,Erin,Waltz,37,4,9.25,
3,9,Colin Jackson,Erin,Jive,30,4,7.5,
3,10,Colin Jackson,Erin,Quickstep,39,4,9.75,
3,10,Colin Jackson,Erin,Rumba,36,4,9.0,
3,10,Darren Gough,Lilia,Foxtrot,36,4,9.0,
3,10,Darren Gough,Lilia,Paso Doble,36,4,9.0,
3,10,Zoe Ball,Ian,Tango,38,4,9.5,
3,10,Zoe Ball,Ian,Samba,38,4,9.5,
4,1,Matt Dawson,Lilia,Cha-Cha-Cha,19,4,4.75,
4,1,Nicholas Owen,Nicole,Waltz,14,4,3.5,
4,1,Ray Fearon,Camilla,Cha-Cha-Cha,27,4,6.75,
4,1,Peter Schmeichel,Erin,Waltz,25,4,6.25,
4,1,DJ Spoony,Ola,Cha-Cha-Cha,27,4,6.75,
4,1,Jimmy Tarbuck,Flavia,Waltz,17,4,4.25,
4,1,Mark Ramprakash,Karen,Cha-Cha-Cha,27,4,6.75,
4,2,Carol Smillie,Matthew,Quickstep,25,4,6.25,
4,2,Mica Paris,Ian,Rumba,20,4,5.0,
4,2,Louisa Lytton,Vincent,Quickstep,28,4,7.0,
4,2,Georgina Bouzova,James,Rumba,14,4,3.5,
4,2,Jan Ravens,Anton,Quickstep,24,4,6.0,
4,2,Claire King,Brendan,Rumba,21,4,5.25,
4,2,Emma Bunton,Darren,Quickstep,33,4,8.25,
4,3,Ray Fearon,Camilla,Tango,29,4,7.25,
4,3,Carol Smillie,Matthew,Jive,27,4,6.75,
4,3,Matt Dawson,Lilia,Tango,30,4,7.5,
4,3,Georgina Bouzova,James,Jive,18,4,4.5,
4,3,DJ Spoony,Ola,Tango,27,4,6.75,
4,3,Claire King,Brendan,Jive,22,4,5.5,
4,3,Jan Ravens,Anton,Jive,18,4,4.5,
4,3,Mark Ramprakash,Karen,Tango,32,4,8.0,
4,3,Emma Bunton,Darren,Jive,33,4,8.25,
4,3,Peter Schmeichel,Erin,Tango,31,4,7.75,
4,3,Louisa Lytton,Vincent,Jive,36,4,9.0,
4,4,Emma Bunton,Darren,Foxtrot,30,4,7.5,
4,4,Matt Dawson,Lilia,Paso Doble,28,4,7.0,
4,4,Jan Ravens,Anton,Foxtrot,24,4,6.0,
4,4,Mark Ramprakash,Karen,Paso Doble,35,4,8.75,
4,4,Carol Smillie,Matthew,Foxtrot,29,4,7.25,
4,4,Georgina Bouzova,James,Foxtrot,26,4,6.5,
4,4,Peter Schmeichel,Erin,Paso Doble,19,4,4.75,
4,4,Louisa Lytton,Vincent,Foxtrot,26,4,6.5,
4,4,Ray Fearon,Camilla,Paso Doble,30,4,7.5,
4,4,Claire King,Brendan,Foxtrot,24,4,6.0,
4,5,Louisa Lytton,Vincent,Salsa,29,4,7.25,
4,5,Matt Dawson,Lilia,Salsa,25,4,6.25,
4,5,Jan Ravens,Anton,Viennese Waltz,25,4,6.25,
4,5,Ray Fearon,Camilla,Viennese Waltz,35,4,8.75,
4,5,Claire King,Brendan,Salsa,21,4,5.25,
4,5,Emma Bunton,Darren,Viennese Waltz,34,4,8.5,
4,5,Carol Smillie,Matthew,Salsa,29,4,7.25,
4,5,Peter Schmeichel,Erin,Viennese Waltz,28,4,7.0,
4,5,Mark Ramprakash,Karen,Salsa,36,4,9.0,
4,6,Ray Fearon,Camilla,Samba,26,4,6.5,
4,6,Claire King,Brendan,American Smooth,32,4,8.0,
4,6,Emma Bunton,Darren,Samba,36,4,9.0,
4,6,Mark Ramprakash,Karen,American Smooth,33,4,8.25,
4,6,Louisa Lytton,Vincent,Samba,32,4,8.0,
4,6,Matt Dawson,Lilia,American Smooth,34,4,8.5,
4,6,Peter Schmeichel,Erin,Samba,19,4,4.75,
4,6,Carol Smillie,Matthew,American Smooth,27,4,6.75,
4,7,Emma Bunton,Darren,Cha-Cha-Cha,30,4,7.5,
4,7,Claire King,Brendan,Tango,29,4,7.25,
4,7,Mark Ramprakash,Karen,Rumba,27,4,6.75,
4,7,Carol Smillie,Matthew,Cha-Cha-Cha,30,4,7.5,
4,7,Peter Schmeichel,Erin,Foxtrot,26,4,6.5,
4,7,Louisa Lytton,Vincent,Tango,35,4,8.75,
4,7,Matt Dawson,Lilia,Waltz,37,4,9.25,
4,8,Matt Dawson,Lilia,Jive,28,4,7.0,
4,8,Carol Smillie,Matthew,Waltz,30,4,7.5,
4,8,Louisa Lytton,Vincent,Paso Doble,34,4,8.5,
4,8,Emma Bunton,Darren,American Smooth,34,4,8.5,
4,8,Claire King,Brendan,Samba,25,4,6.25,
4,8,Mark Ramprakash,Karen,Viennese Waltz,36,4,9.0,
4,9,Carol Smillie,Matthew,Viennese Waltz,34,4,8.5,
4,9,Carol Smillie,Matthew,Samba,34,4,8.5,
4,9,Matt Dawson,Lilia,Quickstep,34,4,8.5,
4,9,Matt Dawson,Lilia,Rumba,27,4,6.75,
4,9,Emma Bunton,Darren,Waltz,37,4,9.25,
4,9,Emma Bunton,Darren,Paso Doble,37,4,9.25,
4,9,Mark Ramprakash,Karen,Foxtrot,28,4,7.0,
4,9,Mark Ramprakash,Karen,Samba,36,4,9.0,
4,9,Louisa Lytton,Vincent,Viennese Waltz,33,4,8.25,
4,9,Louisa Lytton,Vincent,Cha-Cha-Cha,36,4,9.0,
4,10,Mark Ramprakash,Karen,Waltz,36,4,9.0,
4,10,Mark Ramprakash,Karen,Jive,27,4,6.75,
4,10,Louisa Lytton,Vincent,American Smooth,31,4,7.75,
4,10,Louisa Lytton,Vincent,Rumba,28,4,7.0,
4,10,Matt Dawson,Lilia,Viennese Waltz,29,4,7.25,
4,10,Matt Dawson,Lilia,Samba,32,4,8.0,
4,10,Emma Bunton,Darren,Tango,35,4,8.75,
4,10,Emma Bunton,Darren,Rumba,34,4,8.5,
4,11,Matt Dawson,Lilia,Foxtrot,35,4,8.75,
4,11,Matt Dawson,Lilia,Argentine Tango,30,4,7.5,
4,11,Emma Bunton,Darren,Argentine Tango,36,4,9.0,
4,11,Emma Bunton,Darren,Salsa,33,4,8.25,
4,11,Mark Ramprakash,Karen,Quickstep,34,4,8.5,
4,11,Mark Ramprakash,Karen,Argentine Tango,39,4,9.75,
4,12,Matt Dawson,Lilia,Waltz,38,4,9.5,
4,12,Matt Dawson,Lilia,Samba,31,4,7.75,
4,12,Matt Dawson,Lilia,Quickstep,36,4,9.0,
4,12,Mark Ramprakash,Karen,Tango,34,4,8.5,
4,12,Mark Ramprakash,Karen,Salsa,40,4,10.0,
4,12,Mark Ramprakash,Karen,Samba,36,4,9.0,
5,1,Matt Di Angelo,Flavia,Cha-Cha-Cha,23,4,5.75,
5,1,Brian Capron,Karen,Waltz,18,4,4.5,
5,1,Dominic Littlewood,Lilia,Cha-Cha-Cha,25,4,6.25,
5,1,Willie Thorne,Erin,Waltz,24,4,6.0,
5,1,Gethin Jones,Camilla,Cha-Cha-Cha,22,4,5.5,
5,1,Kenny Logan,Ola,Waltz,21,4,5.25,
5,1,John Barnes,Nicole,Cha-Cha-Cha,26,4,6.5,
5,2,Stephanie Beacham,Vincent,Quickstep,24,4,6.0,
5,2,Letitia Dean,Darren,Rumba,23,4,5.75,
5,2,Kate Garraway,Anton,Quickstep,15,4,3.75,
5,2,Alesha Dixon,Matthew,Rumba,31,4,7.75,
5,2,Penny Lancaster-Stewart,Ian,Quickstep,33,4,8.25,
5,2,Kelly Brook,Brendan,Rumba,33,4,8.25,
5,2,Gabby Logan,James,Quickstep,29,4,7.25,
5,3,Gabby Logan,James,Jive,31,4,7.75,
5,3,Gethin Jones,Camilla,Tango,29,4,7.25,
5,3,Penny Lancaster-Stewart,Ian,Jive,25,4,6.25,
5,3,Kenny Logan,Ola,Tango,25,4,6.25,
5,3,Matt Di Angelo,Flavia,Jive,30,4,7.5,
5,3,Kate Garraway,Anton,Tango,19,4,4.75,
5,3,Dominic Littlewood,Lilia,Jive,25,4,6.25,
5,3,Letitia Dean,Darren,Tango,27,4,6.75,
5,3,John Barnes,Nicole,Jive,27,4,6.75,
5,3,Willie Thorne,Erin,Tango,23,4,5.75,
5,3,Alesha Dixon,Matthew,Jive,36,4,9.0,
5,3,Kelly Brook,Brendan,Tango,35,4,8.75,
5,4,Alesha Dixon,Matthew,American Smooth,33,4,8.25,
5,4,Gabby Logan,James,Samba,30,4,7.5,
5,4,Dominic Littlewood,Lilia,American Smooth,26,4,6.5,
5,4,Kate Garraway,Anton,Samba,16,4,4.0,
5,4,John Barnes,Nicole,American Smooth,22,4,5.5,
5,4,Kenny Logan,Ola,Samba,18,4,4.5,
5,4,Kelly Brook,Brendan,American Smooth,34,4,8.5,
5,4,Gethin Jones,Camilla,Samba,26,4,6.5,
5,4,Letitia Dean,Darren,American Smooth,31,4,7.75,
5,4,Penny Lancaster-Stewart,Ian,Samba,32,4,8.0,
5,4,Matt Di Angelo,Flavia,American Smooth,36,4,9.0,
5,5,Kelly Brook,Brendan,Paso Doble,28,4,7.0,
5,5,John Barnes,Nicole,Foxtrot,24,4,6.0,
5,5,Letitia Dean,Darren,Paso Doble,31,4,7.75,
5,5,Gethin Jones,Camilla,Foxtrot,31,4,7.75,
5,5,Kenny Logan,Ola,Paso Doble,21,4,5.25,
5,5,Alesha Dixon,Matthew,Foxtrot,36,4,9.0,
5,5,Dominic Littlewood,Lilia,Paso Doble,25,4,6.25,
5,5,Kate Garraway,Anton,Foxtrot,26,4,6.5,
5,5,Matt Di Angelo,Flavia,Paso Doble,31,4,7.75,
5,5,Penny Lancaster-Stewart,Ian,Foxtrot,35,4,8.75,
5,6,Gethin Jones,Camilla,Viennese Waltz,36,4,9.0,
5,6,Penny Lancaster-Stewart,Ian,Salsa,25,4,6.25,
5,6,Matt Di Angelo,Flavia,Viennese Waltz,29,4,7.25,
5,6,Kate Garraway,Anton,Salsa,18,4,4.5,
5,6,Letitia Dean,Darren,Salsa,25,4,6.25,
5,6,Kenny Logan,Ola,Viennese Waltz,26,4,6.5,
5,6,John Barnes,Nicole,Salsa,36,4,9.0,
5,6,Kelly Brook,Brendan,Viennese Waltz,36,4,9.0,
5,6,Alesha Dixon,Matthew,Salsa,35,4,8.75,
5,7,Kelly Brook,Brendan,Jive,36,4,9.0,
5,7,Letitia Dean,Darren,Foxtrot,34,4,8.5,
5,7,Kenny Logan,Ola,Cha-Cha-Cha,22,4,5.5,
5,7,Gethin Jones,Camilla,Rumba,31,4,7.75,
5,7,John Barnes,Nicole,Tango,28,4,7.0,
5,7,Kate Garraway,Anton,Paso Doble,21,4,5.25,
5,7,Alesha Dixon,Matthew,Waltz,38,4,9.5,
5,7,Matt Di Angelo,Flavia,Quickstep,34,4,8.5,
5,8,Gethin Jones,Camilla,Quickstep,34,4,8.5,
5,8,John Barnes,Nicole,Samba,27,4,6.75,
5,8,Letitia Dean,Darren,Viennese Waltz,32,4,8.0,
5,8,Kelly Brook,Brendan,Samba,29,4,7.25,
5,8,Kenny Logan,Ola,American Smooth,30,4,7.5,
5,8,Matt Di Angelo,Flavia,Salsa,38,4,9.5,
5,8,Alesha Dixon,Matthew,Cha-Cha-Cha,39,4,9.75,
5,9,Matt Di Angelo,Flavia,Tango,32,4,8.0,
5,9,Matt Di Angelo,Flavia,Rumba,33,4,8.25,
5,9,Gethin Jones,Camilla,Waltz,39,4,9.75,
5,9,Gethin Jones,Camilla,Salsa,35,4,8.75,
5,9,Letitia Dean,Darren,Quickstep,30,4,7.5,
5,9,Letitia Dean,Darren,Cha-Cha-Cha,26,4,6.5,
5,9,Kenny Logan,Ola,Foxtrot,30,4,7.5,
5,9,Kenny Logan,Ola,Rumba,23,4,5.75,
5,9,Alesha Dixon,Matthew,Tango,38,4,9.5,
5,9,Alesha Dixon,Matthew,Samba,36,4,9.0,
5,10,Gethin Jones,Camilla,American Smooth,38,4,9.5,
5,10,Gethin Jones,Camilla,Jive,37,4,9.25,
5,10,Alesha Dixon,Matthew,Viennese Waltz,38,4,9.5,
5,10,Alesha Dixon,Matthew,Paso Doble,36,4,9.0,
5,10,Letitia Dean,Darren,Waltz,35,4,8.75,
5,10,Letitia Dean,Darren,Jive,30,4,7.5,
5,10,Matt Di Angelo,Flavia,Foxtrot,26,4,6.5,
5,10,Matt Di Angelo,Flavia,Samba,29,4,7.25,
5,11,Alesha Dixon,Matthew,Quickstep,38,4,9.5,
5,11,Alesha Dixon,Matthew,Argentine Tango,38,4,9.5,
5,11,Matt Di Angelo,Flavia,Argentine Tango,35,4,8.75,
5,11,Matt Di Angelo,Flavia,Waltz,40,4,10.0,
5,11,Gethin Jones,Camilla,Paso Doble,34,4,8.5,
5,11,Gethin Jones,Camilla,Argentine Tango,36,4,9.0,
5,12,Matt Di Angelo,Flavia,American Smooth,36,4,9.0,
5,12,Matt Di Angelo,Flavia,Salsa,39,4,9.75,
5,12,Matt Di Angelo,Flavia,Quickstep,35,4,8.75,
5,12,Alesha Dixon,Matthew,Waltz,39,4,9.75,
5,12,Alesha Dixon,Matthew,Cha-Cha-Cha,38,4,9.5,
5,12,Alesha Dixon,Matthew,Jive,35,4,8.75,
6,1,Tom Chambers,Camilla,Cha-Cha-Cha,28,4,7.0,
6,1,Phil Daniels,Flavia,Waltz,20,4,5.0,
6,1,Don Warrington,Lilia,Cha-Cha-Cha,19,4,4.75,
6,1,Austin Healey,Erin,Waltz,32,4,8.0,
6,1,Mark Foster,Hayley,Waltz,22,4,5.5,
6,1,Gary Rhodes,Karen,Cha-Cha-Cha,17,4,4.25,
6,1,John Sergeant,Kristina,Waltz,22,4,5.5,
6,1,Andrew Castle,Ola,Cha-Cha-Cha,23,4,5.75,
6,2,Jessie Wallace,Darren,Salsa,20,4,5.0,
6,2,Christine Bleakley,Matthew,Foxtrot,27,4,6.75,
6,2,Lisa Snowdon,Brendan,Salsa,22,4,5.5,
6,2,Jodie Kidd,Ian,Foxtrot,25,4,6.25,
6,2,Heather Small,Brian,Salsa,26,4,6.5,
6,2,Gillian Taylforth,Anton,Foxtrot,22,4,5.5,
6,2,Rachel Stevens,Vincent,Salsa,31,4,7.75,
6,2,Cherie Lunghi,James,Foxtrot,33,4,8.25,
6,3,Austin Healey,Erin,Jive,34,4,8.5,
6,3,Mark Foster,Hayley,Tango,24,4,6.0,
6,3,Gary Rhodes,Karen,Jive,18,4,4.5,
6,3,John Sergeant,Kristina,Tango,22,4,5.5,
6,3,Andrew Castle,Ola,Tango,22,4,5.5,
6,3,Tom Chambers,Camilla,Jive,33,4,8.25,
6,3,Don Warrington,Lilia,Tango,30,4,7.5,
6,4,Christine Bleakley,Matthew,Quickstep,26,4,6.5,
6,4,Jodie Kidd,Ian,Rumba,22,4,5.5,
6,4,Heather Small,Brian,Quickstep,23,4,5.75,
6,4,Cherie Lunghi,James,Rumba,35,4,8.75,
6,4,Jessie Wallace,Darren,Quickstep,19,4,4.75,
6,4,Lisa Snowdon,Brendan,Rumba,32,4,8.0,
6,4,Rachel Stevens,Vincent,Quickstep,33,4,8.25,
6,5,Rachel Stevens,Vincent,Samba,30,4,7.5,
6,5,Lisa Snowdon,Brendan,American Smooth,35,4,8.75,
6,5,Heather Small,Brian,Samba,23,4,5.75,
6,5,Cherie Lunghi,James,American Smooth,34,4,8.5,
6,5,Mark Foster,Hayley,Samba,17,4,4.25,
6,5,Don Warrington,Lilia,American Smooth,25,4,6.25,
6,5,Austin Healey,Erin,Samba,32,4,8.0,
6,5,Andrew Castle,Ola,American Smooth,17,4,4.25,
6,5,Christine Bleakley,Matthew,Samba,30,4,7.5,
6,5,Jodie Kidd,Ian,American Smooth,30,4,7.5,
6,5,John Sergeant,Kristina,Samba,16,4,4.0,
6,5,Tom Chambers,Camilla,American Smooth,35,4,8.75,
6,6,Lisa Snowdon,Brendan,Paso Doble,29,4,7.25,
6,6,Andrew Castle,Ola,Viennese Waltz,24,4,6.0,
6,6,Christine Bleakley,Matthew,Paso Doble,22,4,5.5,
6,6,Austin Healey,Erin,Viennese Waltz,34,4,8.5,
6,6,Cherie Lunghi,James,Paso Doble,31,4,7.75,
6,6,Heather Small,Brian,Viennese Waltz,27,4,6.75,
6,6,Mark Foster,Hayley,Paso Doble,16,4,4.0,
6,6,Tom Chambers,Camilla,Viennese Waltz,32,4,8.0,
6,6,John Sergeant,Kristina,Paso Doble,21,4,5.25,
6,6,Rachel Stevens,Vincent,Viennese Waltz,32,4,8.0,
6,6,Jodie Kidd,Ian,Paso Doble,26,4,6.5,
6,7,Austin Healey,Erin,Quickstep,36,4,9.0,
6,7,Heather Small,Brian,Cha-Cha-Cha,23,4,5.75,
6,7,Jodie Kidd,Ian,Waltz,31,4,7.75,
6,7,Andrew Castle,Ola,Samba,21,4,5.25,
6,7,Lisa Snowdon,Brendan,Tango,35,4,8.75,
6,7,Cherie Lunghi,James,Salsa,26,4,6.5,
6,7,John Sergeant,Kristina,Foxtrot,20,4,5.0,
6,7,Tom Chambers,Camilla,Paso Doble,34,4,8.5,
6,7,Christine Bleakley,Matthew,American Smooth,29,4,7.25,
6,7,Rachel Stevens,Vincent,Jive,32,4,8.0,
6,8,Tom Chambers,Camilla,Quickstep,36,4,9.0,
6,8,Jodie Kidd,Ian,Samba,23,4,5.75,
6,8,Heather Small,Brian,Tango,27,4,6.75,
6,8,Austin Healey,Erin,Rumba,29,4,7.25,
6,8,Cherie Lunghi,James,Waltz,36,4,9.0,
6,8,Christine Bleakley,Matthew,Jive,31,4,7.75,
6,8,Rachel Stevens,Vincent,American Smooth,35,4,8.75,
6,8,John Sergeant,Kristina,Cha Cha Cha,12,4,3.0,
6,8,Lisa Snowdon,Brendan,Viennese Waltz,36,4,9.0,
6,9,Jodie Kidd,Ian,Quickstep,33,4,8.25,
6,9,Lisa Snowdon,Brendan,Samba,30,4,7.5,
6,9,Christine Bleakley,Matthew,Waltz,34,4,8.5,
6,9,Cherie Lunghi,James,Cha Cha Cha,32,4,8.0,
6,9,Austin Healey,Erin,Tango,38,4,9.5,
6,9,Rachel Stevens,Vincent,Rumba,39,4,9.75,
6,9,John Sergeant,Kristina,American Smooth,25,4,6.25,
6,9,Tom Chambers,Camilla,Salsa,35,4,8.75,
6,10,Lisa Snowdon,Brendan,Quickstep,35,4,8.75,
6,10,Christine Bleakley,Matthew,Cha Cha Cha,27,4,6.75,
6,10,Jodie Kidd,Ian,Jive,30,4,7.5,
6,10,Tom Chambers,Camilla,Tango,36,4,9.0,
6,10,Rachel Stevens,Vincent,Foxtrot,40,4,10.0,
6,10,Austin Healey,Erin,Cha Cha Cha,35,4,8.75,
6,11,Rachel Stevens,Vincent,Waltz,39,4,9.75,
6,11,Rachel Stevens,Vincent,Paso Doble,32,4,8.0,
6,11,Lisa Snowdon,Brendan,Foxtrot,39,4,9.75,
6,11,Lisa Snowdon,Brendan,Cha-Cha-Cha,37,4,9.25,
6,11,Christine Bleakley,Matthew,Tango,28,4,7.0,
6,11,Christine Bleakley,Matthew,Salsa,30,4,7.5,
6,11,Austin Healey,Erin,Foxtrot,36,4,9.0,
6,11,Austin Healey,Erin,Paso Doble,38,4,9.5,
6,11,Tom Chambers,Camilla,Waltz,35,4,8.75,
6,11,Tom Chambers,Camilla,Samba,35,4,8.75,
6,12,Austin Healey,Erin,American Smooth,34,4,8.5,
6,12,Austin Healey,Erin,Salsa,36,4,9.0,
6,12,Lisa Snowdon,Brendan,Waltz,39,4,9.75,
6,12,Lisa Snowdon,Brendan,Jive,33,4,8.25,
6,12,Tom Chambers,Camilla,Foxtrot,39,4,9.75,
6,12,Tom Chambers,Camilla,Rumba,34,4,8.5,
6,12,Rachel Stevens,Vincent,Tango,39,4,9.75,
6,12,Rachel Stevens,Vincent,Cha-Cha-Cha,37,4,9.25,
6,13,Lisa Snowdon,Brendan,Argentine Tango,35,4,8.75,
6,13,Lisa Snowdon,Brendan,Quickstep,40,4,10.0,
6,13,Tom Chambers,Camilla,Jive,33,4,8.25,
6,13,Tom Chambers,Camilla,Argentine Tango,34,4,8.5,
6,13,Rachel Stevens,Vincent,Argentine Tango,39,4,9.75,
6,13,Rachel Stevens,Vincent,American Smooth,36,4,9.0,
6,14,Rachel Stevens,Vincent,Foxtrot,40,4,10.0,
6,14,Rachel Stevens,Vincent,Rumba,39,4,9.75,
6,14,Tom Chambers,Camilla,Foxtrot,35,4,8.75,
6,14,Tom Chambers,Camilla,Salsa,38,4,9.5,
6,14,Lisa Snowdon,Brendan,Foxtrot,40,4,10.0,
6,14,Lisa Snowdon,Brendan,Cha-Cha-Cha,40,4,10.0,
7,3,Ali Bastian,Brian,Quickstep,32,4,8.0,
7,3,Lynda Bellingham,Darren,Paso Doble,25,4,6.25,
7,3,Chris Hollins,Ola,Quickstep,23,4,5.75,
7,3,Zöe Lucker,James,Paso Doble,31,4,7.75,
7,3,Rav Wilding,Aliona,Quickstep,20,4,5.0,
7,3,Natalie Cassidy,Vincent,Paso Doble,28,4,7.0,
7,3,Craig Kelly,Flavia,Quickstep,21,4,5.25,
7,3,Ricky Whittle,Natalie,Paso Doble,35,4,8.75,
7,3,Jade Johnson,Ian,Quickstep,31,4,7.75,
7,3,Joe Calzaghe,Kristina,Paso Doble,19,4,4.75,
7,3,Laila Rouass,Anton,Quickstep,30,4,7.5,
7,3,Jo Wood,Brendan,Paso Doble,20,4,5.0,
7,3,Phil Tufnell,Katya,Quickstep,24,4,6.0,
7,3,Ricky Groves,Erin,Paso Doble,29,4,7.25,
7,4,Zöe Lucker,James,Foxtrot,33,4,8.25,
7,4,Chris Hollins,Ola,Salsa,25,4,6.25,
7,4,Lynda Bellingham,Darren,Foxtrot,24,4,6.0,
7,4,Ali Bastian,Brian,Salsa,32,4,8.0,
7,4,Jo Wood,Brendan,Foxtrot,20,4,5.0,
7,4,Natalie Cassidy,Vincent,Salsa,29,4,7.25,
7,4,Joe Calzaghe,Kristina,Foxtrot,20,4,5.0,
7,4,Laila Rouass,Anton,Foxtrot,34,4,8.5,
7,4,Ricky Whittle,Natalie,Salsa,32,4,8.0,
7,4,Craig Kelly,Flavia,Foxtrot,24,4,6.0,
7,4,Jade Johnson,Ian,Salsa,29,4,7.25,
7,4,Ricky Groves,Erin,Foxtrot,28,4,7.0,
7,4,Phil Tufnell,Katya,Salsa,24,4,6.0,
7,5,Ricky Groves,Erin,Jive,25,4,6.25,
7,5,Jade Johnson,Ian,Viennese Waltz,35,4,8.75,
7,5,Ali Bastian,Brian,Jive,29,4,7.25,
7,5,Jo Wood,Brendan,Viennese Waltz,23,4,5.75,
7,5,Zöe Lucker,James,Jive,30,4,7.5,
7,5,Ricky Whittle,Natalie,Viennese Waltz,36,4,9.0,
7,5,Craig Kelly,Flavia,Jive,20,4,5.0,
7,5,Joe Calzaghe,Kristina,Jive,21,4,5.25,
7,5,Natalie Cassidy,Vincent,Viennese Waltz,27,4,6.75,
7,5,Laila Rouass,Anton,Jive,22,4,5.5,
7,5,Phil Tufnell,Katya,Viennese Waltz,27,4,6.75,
7,5,Chris Hollins,Ola,Jive,22,4,5.5,
7,6,Jade Johnson,Ian,Samba,32,4,8.0,
7,6,Chris Hollins,Ola,American Smooth,28,4,7.0,
7,6,Phil Tufnell,Katya,Samba,25,4,6.25,
7,6,Zöe Lucker,James,American Smooth,33,4,8.25,
7,6,Craig Kelly,Flavia,Samba,18,4,4.5,
7,6,Ricky Groves,Erin,American Smooth,29,4,7.25,
7,6,Ricky Whittle,Natalie,Samba,32,4,8.0,
7,6,Natalie Cassidy,Vincent,American Smooth,29,4,7.25,
7,6,Jo Wood,Brendan,Samba,14,4,3.5,
7,6,Ali Bastian,Brian,American Smooth,37,4,9.25,
7,6,Laila Rouass,Anton,Samba,28,4,7.0,
7,7,Natalie Cassidy,Vincent,Jive,30,4,7.5,
7,7,Ali Bastian,Brian,Paso Doble,33,4,8.25,
7,7,Craig Kelly,Flavia,Waltz,24,4,6.0,
7,7,Chris Hollins,Ola,Cha-Cha-Cha,29,4,7.25,
7,7,Jade Johnson,Ian,Foxtrot,35,4,8.75,
7,7,Zöe Lucker,James,Samba,32,4,8.0,
7,7,Ricky Groves,Erin,Rumba,24,4,6.0,
7,7,Laila Rouass,Anton,Viennese Waltz,33,4,8.25,
7,7,Phil Tufnell,Katya,Tango,30,4,7.5,
7,7,Ricky Whittle,Natalie,Quickstep,39,4,9.75,
7,8,Ricky Whittle,Natalie,Tango,35,4,8.75,
7,8,Natalie Cassidy,Vincent,Quickstep,31,4,7.75,
7,8,Jade Johnson,Ian,Jive,33,4,8.25,
7,8,Ali Bastian,Brian,Viennese Waltz,40,4,10.0,
7,8,Ricky Groves,Erin,Salsa,25,4,6.25,
7,8,Laila Rouass,Anton,Paso Doble,30,4,7.5,
7,8,Phil Tufnell,Katya,Rumba,28,4,7.0,
7,8,Chris Hollins,Ola,Foxtrot,34,4,8.5,
7,8,Craig Kelly,Flavia,Cha-Cha-Cha,17,4,4.25,
7,9,Phil Tufnell,Katya,American Smooth,31,4,7.75,
7,9,Ricky Whittle,Natalie,Jive,35,4,8.75,
7,9,Ricky Groves,Erin,Viennese Waltz,29,4,7.25,
7,9,Chris Hollins,Ola,Paso Doble,30,4,7.5,
7,9,Laila Rouass,Anton,Rumba,22,4,5.5,
7,9,Natalie Cassidy,Vincent,Foxtrot,34,4,8.5,
7,9,Ali Bastian,Brian,Cha-Cha-Cha,35,4,8.75,
7,10,Ali Bastian,Brian,Foxtrot,35,4,8.75,
7,10,Natalie Cassidy,Vincent,Samba,26,4,6.5,
7,10,Chris Hollins,Ola,Viennese Waltz,29,4,7.25,
7,10,Ricky Whittle,Natalie,American Smooth,36,4,9.0,
7,10,Laila Rouass,Anton,Waltz,29,4,7.25,
7,10,Ricky Groves,Erin,Tango,22,4,5.5,
7,11,Chris Hollins,Ola,Charleston,34,4,8.5,
7,11,Ricky Whittle,Natalie,Rock 'n' Roll,31,4,7.75,
7,11,Ali Bastian,Brian,Charleston,37,4,9.25,
7,11,Natalie Cassidy,Vincent,Rock 'n' Roll,26,4,6.5,
7,11,Laila Rouass,Anton,Charleston,31,4,7.75,
7,12,Ali Bastian,Brian,Tango,42,5,8.4,
7,12,Ali Bastian,Brian,Samba,44,5,8.8,
7,12,Laila Rouass,Anton,American Smooth,33,5,6.6,
7,12,Laila Rouass,Anton,Salsa,26,5,5.2,
7,12,Chris Hollins,Ola,Waltz,41,5,8.2,
7,12,Chris Hollins,Ola,Samba,39,5,7.8,
7,12,Ricky Whittle,Natalie,Foxtrot,48,5,9.6,
7,12,Ricky Whittle,Natalie,Cha-Cha-Cha,47,5,9.4,
7,13,Chris Hollins,Ola,Rumba,38,5,7.6,
7,13,Chris Hollins,Ola,Argentine Tango,42,5,8.4,
7,13,Ali Bastian,Brian,Argentine Tango,42,5,8.4,
7,13,Ali Bastian,Brian,American Smooth,50,5,10.0,
7,13,Ricky Whittle,Natalie,Waltz,47,5,9.4,
7,13,Ricky Whittle,Natalie,Argentine Tango,49,5,9.8,
7,14,Ricky Whittle,Natalie,Quickstep,50,5,10.0,
7,14,Chris Hollins,Ola,Foxtrot,46,5,9.2,
7,14,Chris Hollins,Ola,Lindy Hop,44,5,8.8,
7,14,Ricky Whittle,Natalie,Lindy Hop,43,5,8.6,
7,14,Chris Hollins,Ola,Charleston,50,5,10.0,
7,14,Chris Hollins,Ola,Showdance,46,5,9.2,
7,14,Ricky Whittle,Natalie,Cha-Cha-Cha,48,5,9.6,
7,14,Ricky Whittle,Natalie,Showdance,49,5,9.8,
8,2,Matt Baker,Aliona,Foxtrot,31,4,7.75,
8,2,Peter Shilton,Erin,Salsa,17,4,4.25,
8,2,Tina O'Brien,Jared,Foxtrot,26,4,6.5,
8,2,Patsy Kensit,Robin,Salsa,28,4,7.0,
8,2,Paul Daniels,Ola,Foxtrot,21,4,5.25,
8,2,Scott Maslen,Natalie,Salsa,32,4,8.0,
8,2,Michelle Williams,Brendan,Foxtrot,26,4,6.5,
8,2,Goldie,Kristina,Foxtrot,26,4,6.5,
8,2,Pamela Stephenson,James,Salsa,32,4,8.0,
8,2,Felicity Kendal,Vincent,Foxtrot,25,4,6.25,
8,2,Ann Widdecombe,Anton,Salsa,12,4,3.0,
8,2,Kara Tointon,Artem,Foxtrot,32,4,8.0,
8,2,Gavin Henson,Katya,Salsa,19,4,4.75,
8,2,Jimi Mistry,Flavia,Foxtrot,30,4,7.5,
8,3,Kara Tointon,Artem,Quickstep,31,4,7.75,
8,3,Felicity Kendal,Vincent,Rumba,29,4,7.25,
8,3,Patsy Kensit,Robin,Quickstep,24,4,6.0,
8,3,Paul Daniels,Ola,Rumba,16,4,4.0,
8,3,Matt Baker,Aliona,Quickstep,31,4,7.75,
8,3,Gavin Henson,Katya,Rumba,22,4,5.5,
8,3,Scott Maslen,Natalie,Quickstep,34,4,8.5,
8,3,Michelle Williams,Brendan,Rumba,24,4,6.0,
8,3,Peter Shilton,Erin,Quickstep,26,4,6.5,
8,3,Jimi Mistry,Flavia,Rumba,25,4,6.25,
8,3,Ann Widdecombe,Anton,Quickstep,18,4,4.5,
8,3,Pamela Stephenson,James,Rumba,35,4,8.75,
8,4,Jimi Mistry,Flavia,Charleston,27,4,6.75,
8,4,Scott Maslen,Natalie,Tango,35,4,8.75,
8,4,Tina O'Brien,Jared,Charleston,29,4,7.25,
8,4,Felicity Kendal,Vincent,Tango,29,4,7.25,
8,4,Patsy Kensit,Robin,Charleston,28,4,7.0,
8,4,Gavin Henson,Katya,Tango,23,4,5.75,
8,4,Peter Shilton,Erin,Charleston,17,4,4.25,
8,4,Pamela Stephenson,James,Tango,34,4,8.5,
8,4,Matt Baker,Aliona,Charleston,35,4,8.75,
8,4,Michelle Williams,Ian*,Tango,27,4,6.75,
8,4,Kara Tointon,Artem,Charleston,32,4,8.0,
8,4,Ann Widdecombe,Anton,Tango,21,4,5.25,
8,5,Pamela Stephenson,James,Jive,27,4,6.75,
8,5,Tina O'Brien,Jared,Argentine Tango,28,4,7.0,
8,5,Kara Tointon,Artem,Paso Doble,37,4,9.25,
8,5,Patsy Kensit,Robin,Jive,31,4,7.75,
8,5,Felicity Kendal,Vincent,Viennese Waltz,26,4,6.5,
8,5,Jimi Mistry,Flavia,Paso Doble,30,4,7.5,
8,5,Michelle Williams,Brendan,Jive,29,4,7.25,
8,5,Gavin Henson,Katya,Paso Doble,26,4,6.5,
8,5,Scott Maslen,Natalie,Viennese Waltz,39,4,9.75,
8,5,Ann Widdecombe,Anton,Paso Doble,16,4,4.0,
8,5,Matt Baker,Aliona,Argentine Tango,34,4,8.5,
8,6,Kara Tointon,Artem,Salsa,36,4,9.0,
8,6,Pamela Stephenson,James,Foxtrot,33,4,8.25,
8,6,Felicity Kendal,Vincent,Paso Doble,29,4,7.25,
8,6,Jimi Mistry,Flavia,Quickstep,32,4,8.0,
8,6,Matt Baker,Aliona,Viennese Waltz,35,4,8.75,
8,6,Ann Widdecombe,Anton,Charleston,17,4,4.25,
8,6,Michelle Williams,Brendan,Waltz,30,4,7.5,
8,6,Patsy Kensit,Robin,Cha-Cha-Cha,29,4,7.25,
8,6,Scott Maslen,Natalie,Rumba,28,4,7.0,
8,6,Gavin Henson,Katya,Cha-Cha-Cha,29,4,7.25,
8,7,Pamela Stephenson,James,Cha-Cha-Cha,32,4,8.0,
8,7,Michelle Williams,Brendan,Paso Doble,24,4,6.0,
8,7,Patsy Kensit,Robin,Viennese Waltz,32,4,8.0,
8,7,Gavin Henson,Katya,Quickstep,33,4,8.25,
8,7,Ann Widdecombe,Anton,Foxtrot,20,4,5.0,
8,7,Kara Tointon,Artem,Argentine Tango,38,4,9.5,
8,7,Felicity Kendal,Vincent,Salsa,26,4,6.5,
8,7,Matt Baker,Aliona,Rumba,35,4,8.75,
8,7,Scott Maslen,Natalie,Jive,39,4,9.75,
8,8,Patsy Kensit,Robin,Samba,28,4,7.0,
8,8,Kara Tointon,Artem,American Smooth,35,4,8.75,
8,8,Matt Baker,Aliona,Samba,38,4,9.5,
8,8,Felicity Kendal,Vincent,American Smooth,30,4,7.5,
8,8,Gavin Henson,Katya,American Smooth,27,4,6.75,
8,8,Scott Maslen,Natalie,Samba,32,4,8.0,
8,8,Pamela Stephenson,James,American Smooth,37,4,9.25,
8,8,Ann Widdecombe,Anton,Samba,13,4,3.25,
8,9,Kara Tointon,Artem,Jive,34,4,8.5,
8,9,Ann Widdecombe,Anton,Rumba,14,4,3.5,
8,9,Patsy Kensit,Robin,Argentine Tango,30,4,7.5,
8,9,Scott Maslen,Natalie,American Smooth,31,4,7.75,
8,9,Gavin Henson,Katya,Jive,22,4,5.5,
8,9,Matt Baker,Aliona,American Smooth,33,4,8.25,
8,9,Pamela Stephenson,James,Charleston,38,4,9.5,
8,10,Scott Maslen,Natalie,Paso Doble,35,4,8.75,
8,10,Ann Widdecombe,Anton,American Smooth,14,4,3.5,
8,10,Matt Baker,Aliona,Jive,35,4,8.75,
8,10,Pamela Stephenson,James,Viennese Waltz,40,4,10.0,
8,10,Gavin Henson,Katya,Foxtrot,33,4,8.25,
8,10,Kara Tointon,Artem,Tango,38,4,9.5,
8,11,Pamela Stephenson,James,Paso Doble,35,4,8.75,
8,11,Kara Tointon,Artem,Viennese Waltz,39,4,9.75,
8,11,Gavin Henson,Katya,Samba,27,4,6.75,
8,11,Scott Maslen,Natalie,Argentine Tango,33,4,8.25,
8,11,Matt Baker,Aliona,Salsa,28,4,7.0,
8,11,Scott Maslen,Natalie,Charleston,35,4,8.75,
8,11,Kara Tointon,Artem,Rumba,39,4,9.75,
8,11,Matt Baker,Aliona,Tango,38,4,9.5,
8,11,Gavin Henson,Katya,Viennese Waltz,31,4,7.75,
8,11,Pamela Stephenson,James,Quickstep,40,4,10.0,
9,2,Chelsee Healey,Pasha,Salsa,29,4,7.25,
9,2,Edwina Currie,Vincent,Foxtrot,19,4,4.75,
9,2,Audley Harrison,Natalie,Salsa,23,4,5.75,
9,2,Alex Jones,James,Foxtrot,29,4,7.25,
9,2,Dan Lobb,Katya,Salsa,21,4,5.25,
9,2,Lulu,Brendan,Foxtrot,25,4,6.25,
9,2,Holly Valance,Artem,Salsa,30,4,7.5,
9,2,Rory Bremner,Erin,Salsa,22,4,5.5,
9,2,Robbie Savage,Ola,Foxtrot,29,4,7.25,
9,2,Anita Dobson,Robin,Salsa,28,4,7.0,
9,2,Jason Donovan,Kristina,Foxtrot,33,4,8.25,
9,2,Nancy Dell'Olio,Anton,Salsa,14,4,3.5,
9,2,Harry Judd,Aliona,Foxtrot,27,4,6.75,
9,2,Russell Grant,Flavia,Salsa,25,4,6.25,
9,3,Holly Valance,Artem,Tango,30,4,7.5,
9,3,Dan Lobb,Katya,Viennese Waltz,24,4,6.0,
9,3,Anita Dobson,Robin,Jive,27,4,6.75,
9,3,Alex Jones,James,Viennese Waltz,32,4,8.0,
9,3,Rory Bremner,Erin,Quickstep,31,4,7.75,
9,3,Lulu,Brendan,Rumba,26,4,6.5,
9,3,Nancy Dell'Olio,Anton,Tango,20,4,5.0,
9,3,Audley Harrison,Natalie,Quickstep,24,4,6.0,
9,3,Robbie Savage,Ola,Tango,30,4,7.5,
9,3,Russell Grant,Flavia,Foxtrot,28,4,7.0,
9,3,Jason Donovan,Kristina,Tango,36,4,9.0,
9,3,Chelsee Healey,Pasha,Cha-Cha-Cha,30,4,7.5,
9,3,Harry Judd,Aliona,Jive,33,4,8.25,
9,4,Jason Donovan,Kristina,Paso Doble,27,4,6.75,
9,4,Alex Jones,James,Rumba,25,4,6.25,
9,4,Rory Bremner,Erin,Cha-Cha-Cha,24,4,6.0,
9,4,Audley Harrison,Natalie,Foxtrot,25,4,6.25,
9,4,Nancy Dell'Olio,Anton,Paso Doble,18,4,4.5,
9,4,Lulu,Brendan,Samba,25,4,6.25,
9,4,Holly Valance,Artem,Viennese Waltz,30,4,7.5,
9,4,Chelsee Healey,Pasha,Quickstep,36,4,9.0,
9,4,Harry Judd,Aliona,Waltz,35,4,8.75,
9,4,Anita Dobson,Robin,American Smooth,32,4,8.0,
9,4,Robbie Savage,Ola,Jive,27,4,6.75,
9,4,Russell Grant,Flavia,Tango,24,4,6.0,
9,5,Russell Grant,Flavia,Samba,22,4,5.5,
9,5,Chelsee Healey,Pasha,Tango,32,4,8.0,
9,5,Audley Harrison,Natalie,Jive,20,4,5.0,
9,5,Alex Jones,James,Paso Doble,31,4,7.75,
9,5,Holly Valance,Artem,American Smooth,35,4,8.75,
9,5,Nancy Dell'Olio,Anton,Rumba,14,4,3.5,
9,5,Harry Judd,Aliona,Tango,34,4,8.5,
9,5,Robbie Savage,Ola,Paso Doble,26,4,6.5,
9,5,Anita Dobson,Robin,Tango,31,4,7.75,
9,5,Lulu ,Brendan,Paso Doble,29,4,7.25,
9,5,Jason Donovan,Kristina,Quickstep,37,4,9.25,
9,6,Lulu,Brendan,Tango,27,4,6.75,
9,6,Audley Harrison,Natalie,Viennese Waltz,27,4,6.75,
9,6,Harry Judd,Aliona,Samba,33,4,8.25,
9,6,Anita Dobson,Robin,Charleston,31,4,7.75,
9,6,Jason Donovan,Kristina,Rumba,28,4,7.0,
9,6,Alex Jones,James,Quickstep,31,4,7.75,
9,6,Robbie Savage,Ola,Waltz,29,4,7.25,
9,6,Russell Grant,Flavia,Paso Doble,24,4,6.0,
9,6,Chelsee Healey,Pasha,Charleston,36,4,9.0,
9,6,Holly Valance,Artem,Jive,34,4,8.5,
9,7,Alex Jones,James,Jive,31,4,7.75,
9,7,Robbie Savage,Ola,American Smooth,31,4,7.75,
9,7,Audley Harrison,Natalie,Cha-Cha-Cha,20,4,5.0,
9,7,Harry Judd,Aliona,Argentine Tango,37,4,9.25,
9,7,Jason Donovan,Kristina,Viennese Waltz,35,4,8.75,
9,7,Chelsee Healey,Pasha,Foxtrot,36,4,9.0,
9,7,Anita Dobson,Robin,Argentine Tango,33,4,8.25,
9,7,Holly Valance,Brendan*,Rumba,34,4,8.5,
9,7,Russell Grant,Flavia,American Smooth,26,4,6.5,
9,8,Robbie Savage,Ola,Salsa,26,4,6.5,
9,8,Alex Jones,James,Tango,35,4,8.75,
9,8,Holly Valance,Artem,Quickstep,31,4,7.75,
9,8,Anita Dobson,Robin,Samba,27,4,6.75,
9,8,Harry Judd,Aliona,Salsa,34,4,8.5,
9,8,Russell Grant,Flavia,Jive,24,4,6.0,
9,8,Chelsee Healey,Pasha,Samba,35,4,8.75,
9,8,Jason Donovan,Kristina,Jive,34,4,8.5,
9,9,Anita Dobson,Brendan*,Cha-Cha-Cha,30,4,7.5,
9,9,Holly Valance,Artem,Foxtrot,34,4,8.5,
9,9,Alex Jones,James,Charleston,29,4,7.25,
9,9,Robbie Savage,Ola,Samba,25,4,6.25,
9,9,Chelsee Healey,Pasha,Argentine Tango,35,4,8.75,
9,9,Jason Donovan,Kristina,Charleston,36,4,9.0,
9,9,Harry Judd,Aliona,Quickstep,39,4,9.75,
9,10,Robbie Savage,Ola,Quickstep,30,4,7.5,
9,10,Harry Judd,Aliona,Rumba,36,4,9.0,
9,10,Alex Jones,James,American Smooth,34,4,8.5,
9,10,Holly Valance,Artem,Paso Doble,38,4,9.5,
9,10,Jason Donovan,Kristina,American Smooth,37,4,9.25,
9,10,Chelsee Healey,Pasha,Jive,39,4,9.75,
9,11,Harry Judd,Aliona,Charleston,39,4,9.75,
9,11,Harry Judd,Aliona,Viennese Waltz,39,4,9.75,
9,11,Alex Jones,James,Waltz,34,4,8.5,
9,11,Alex Jones,James,Salsa,31,4,7.75,
9,11,Chelsee Healey,Pasha,American Smooth,36,4,9.0,
9,11,Chelsee Healey,Pasha,Paso Doble,40,4,10.0,
9,11,Holly Valance,Artem,Argentine Tango,36,4,9.0,
9,11,Holly Valance,Artem,Charleston,34,4,8.5,
9,11,Jason Donovan,Kristina,Samba,34,4,8.5,
9,11,Jason Donovan,Kristina,Argentine Tango,40,4,10.0,
10,2,Nicky Byrne,Karen,Cha-Cha-Cha,18,4,4.5,
10,2,Colin Salmon,Kristina,Viennese Waltz,24,4,6.0,
10,2,Dani Harmer,Vincent,Salsa,27,4,6.75,
10,2,Fern Britton,Artem,Viennese Waltz,24,4,6.0,
10,2,Richard Arnold,Erin,Cha-Cha-Cha,19,4,4.75,
10,2,Victoria Pendleton,Brendan,Foxtrot,26,4,6.5,
10,2,Michael Vaughan,Natalie,Jive,15,4,3.75,
10,2,Louis Smith,Flavia,Viennese Waltz,30,4,7.5,
10,2,Denise van Outen,James,Jive,32,4,8.0,
10,2,Johnny Ball,Iveta,Foxtrot,20,4,5.0,
10,2,Sid Owen,Ola,Salsa,22,4,5.5,
10,2,Kimberley Walsh,Pasha,Foxtrot,26,4,6.5,
10,2,Jerry Hall,Anton,Foxtrot,18,4,4.5,
10,2,Lisa Riley,Robin,Viennese Waltz,25,4,6.25,
10,3,Fern Britton,Artem,Charleston,23,4,5.75,
10,3,Victoria Pendleton,Brendan,Rumba,22,4,5.5,
10,3,Michael Vaughan,Natalie,Cha-Cha-Cha,19,4,4.75,
10,3,Jerry Hall,Anton,Quickstep,18,4,4.5,
10,3,Sid Owen,Ola,Tango,17,4,4.25,
10,3,Kimberley Walsh,Pasha,Quickstep,29,4,7.25,
10,3,Denise van Outen,James,Foxtrot,32,4,8.0,
10,3,Colin Salmon,Kristina,Argentine Tango,26,4,6.5,
10,3,Richard Arnold,Erin,Quickstep,25,4,6.25,
10,3,Dani Harmer,Vincent,Foxtrot,29,4,7.25,
10,3,Lisa Riley,Robin,Jive,29,4,7.25,
10,3,Nicky Byrne,Karen,Quickstep,27,4,6.75,
10,3,Louis Smith,Flavia,Salsa,30,4,7.5,
10,4,Dani Harmer,Vincent,Cha-Cha-Cha,27,4,6.75,
10,4,Richard Arnold,Erin,Paso Doble,22,4,5.5,
10,4,Lisa Riley,Robin,Charleston,26,4,6.5,
10,4,Sid Owen,Ola,Cha-Cha-Cha,17,4,4.25,
10,4,Nicky Byrne,Karen,Tango,26,4,6.5,
10,4,Fern Britton,Artem,American Smooth,21,4,5.25,
10,4,Denise van Outen,James,Cha-Cha-Cha,28,4,7.0,
10,4,Michael Vaughan,Natalie,Quickstep,31,4,7.75,
10,4,Victoria Pendleton,Brendan,Tango,31,4,7.75,
10,4,Colin Salmon,Kristina,Salsa,24,4,6.0,
10,4,Louis Smith,Flavia,Tango,35,4,8.75,
10,4,Kimberley Walsh,Pasha,Paso Doble,31,4,7.75,
10,5,Kimberley Walsh,Pasha,Salsa,33,4,8.25,
10,5,Lisa Riley,Robin,Tango,27,4,6.75,
10,5,Richard Arnold,Erin,Foxtrot,17,4,4.25,
10,5,Denise van Outen,James,Viennese Waltz,35,4,8.75,
10,5,Victoria Pendleton,Brendan,Samba,23,4,5.75,
10,5,Louis Smith,Flavia,Samba,29,4,7.25,
10,5,Colin Salmon,Kristina,Foxtrot,27,4,6.75,
10,5,Nicky Byrne,Karen,Rumba,25,4,6.25,
10,5,Fern Britton,Artem,Paso Doble,24,4,6.0,
10,5,Michael Vaughan,Natalie,Foxtrot,31,4,7.75,
10,5,Dani Harmer,Vincent,Jive,33,4,8.25,
10,6,Denise van Outen,James,Paso Doble,36,4,9.0,
10,6,Richard Arnold,Erin,Charleston,29,4,7.25,
10,6,Louis Smith,Flavia,Waltz,33,4,8.25,
10,6,Fern Britton,Artem,Salsa,27,4,6.75,
10,6,Victoria Pendleton,Brendan,Quickstep,30,4,7.5,
10,6,Dani Harmer,Vincent,Tango,34,4,8.5,
10,6,Nicky Byrne,Karen,Foxtrot,30,4,7.5,
10,6,Kimberley Walsh,Pasha,Viennese Waltz,34,4,8.5,
10,6,Michael Vaughan,Natalie,Salsa,26,4,6.5,
10,6,Lisa Riley,Robin,Foxtrot,32,4,8.0,
10,7,Lisa Riley,Robin,Samba,32,4,8.0,
10,7,Nicky Byrne,Karen,Jive,30,4,7.5,
10,7,Denise van Outen,James,Charleston,39,4,9.75,
10,7,Louis Smith,Flavia,American Smooth,30,4,7.5,
10,7,Richard Arnold,Erin,Salsa,24,4,6.0,
10,7,Victoria Pendleton,Brendan,Paso Doble,24,4,6.0,
10,7,Dani Harmer,Vincent,Quickstep,36,4,9.0,
10,7,Kimberley Walsh,Pasha,Samba,34,4,8.5,
10,7,Michael Vaughan,Natalie,American Smooth,35,4,8.75,
10,8,Dani Harmer,Vincent,Samba,36,4,9.0,
10,8,Kimberley Walsh,Pasha,Tango,34,4,8.5,
10,8,Victoria Pendleton,Brendan,Salsa,21,4,5.25,
10,8,Louis Smith,Flavia,Paso Doble,27,4,6.75,
10,8,Lisa Riley,Robin,Rumba,27,4,6.75,
10,8,Michael Vaughan,Natalie,Argentine Tango,26,4,6.5,
10,8,Nicky Byrne,Karen,Charleston,36,4,9.0,
10,8,Denise van Outen,James,American Smooth,37,4,9.25,
10,9,Kimberley Walsh,Pasha,Jive,34,4,8.5,
10,9,Dani Harmer,Vincent,Viennese Waltz,34,4,8.5,
10,9,Michael Vaughan,Natalie,Samba,24,4,6.0,
10,9,Nicky Byrne,Karen,Argentine Tango,30,4,7.5,
10,9,Lisa Riley,Robin,Quickstep,31,4,7.75,
10,9,Denise van Outen,James,Salsa,32,4,8.0,
10,9,Louis Smith,Flavia,Charleston,37,4,9.25,
10,10,Denise van Outen,James,Jive,35,4,8.75,combined dance
10,10,Denise van Outen,James,Quickstep,35,4,8.75,combined dance
10,10,Lisa Riley,Robin,Cha-Cha-Cha,30,4,7.5,combined dance
10,10,Lisa Riley,Robin,Tango,30,4,7.5,combined dance
10,10,Nicky Byrne,Karen,American Smooth,27,4,6.75,combined dance
10,10,Nicky Byrne,Karen,Samba,27,4,6.75,combined dance
10,10,Dani Harmer,Vincent,Charleston,38,4,9.5,combined dance
10,10,Dani Harmer,Vincent,Quickstep,38,4,9.5,combined dance
10,10,Louis Smith,Flavia,Tango,37,4,9.25,combined dance
10,10,Louis Smith,Flavia,Rumba,37,4,9.25,combined dance
10,10,Kimberley Walsh,Pasha,Cha-Cha-Cha,40,4,10.0,combined dance
10,10,Kimberley Walsh,Pasha,Tango,40,4,10.0,combined dance
10,11,Dani Harmer,Vincent,American Smooth,34,4,8.5,
10,11,Dani Harmer,Vincent,Argentine Tango,38,4,9.5,
10,11,Louis Smith,Flavia,Jive,31,4,7.75,
10,11,Louis Smith,Flavia,Foxtrot,38,4,9.5,
10,11,Denise van Outen,James,Tango,39,4,9.75,
10,11,Denise van Outen,James,Rumba,38,4,9.5,
10,11,Kimberley Walsh,Pasha,American Smooth,38,4,9.5,
10,11,Kimberley Walsh,Pasha,Charleston,40,4,10.0,
10,11,Lisa Riley,Robin,Salsa,31,4,7.75,
10,11,Lisa Riley,Robin,American Smooth,32,4,8.0,
11,1,Ashley Taylor Dawson,Ola,Cha-Cha-Cha,25,4,6.25,
11,1,Tony Jacklin,Aliona,Waltz,16,4,4.0,
11,1,Mark Benton,Iveta,Tango,24,4,6.0,
11,1,Susanna Reid,Kevin,Jive,28,4,7.0,
11,1,Sophie Ellis-Bextor,Brendan,Waltz,28,4,7.0,
11,1,Natalie Gumede,Artem,Cha-Cha-Cha,31,4,7.75,
11,1,Ben Cohen,Kristina,Cha-Cha-Cha,19,4,4.75,
11,1,Fiona Fullerton,Anton,Tango,24,4,6.0,
11,1,Dave Myers,Karen,Cha-Cha-Cha,16,4,4.0,
11,1,Rachel Riley,Pasha,Waltz,27,4,6.75,
11,1,Julien Macdonald,Janette,Cha-Cha-Cha,20,4,5.0,
11,1,Deborah Meaden,Robin,Tango,24,4,6.0,
11,1,Patrick Robinson,Anya,Jive,28,4,7.0,
11,1,Vanessa Feltz,James,Cha-Cha-Cha,19,4,4.75,
11,1,Abbey Clancy,Aljaž,Waltz,32,4,8.0,
11,2,Susanna Reid,Kevin,Tango,31,4,7.75,
11,2,Tony Jacklin,Aliona,Charleston,13,4,3.25,
11,2,Natalie Gumede,Artem,Waltz,34,4,8.5,
11,2,Dave Myers,Karen,American Smooth,17,4,4.25,
11,2,Patrick Robinson,Anya,Tango,27,4,6.75,
11,2,Deborah Meaden,Robin,Cha-Cha-Cha,24,4,6.0,
11,2,Rachel Riley,Pasha,Salsa,20,4,5.0,
11,2,Vanessa Feltz,James,Waltz,23,4,5.75,
11,2,Julien Macdonald,Janette,Tango,18,4,4.5,
11,2,Fiona Fullerton,Anton,Cha-Cha-Cha,22,4,5.5,
11,2,Mark Benton,Iveta,Salsa,22,4,5.5,
11,2,Sophie Ellis-Bextor,Brendan,Charleston,36,4,9.0,
11,2,Ben Cohen,Kristina,Waltz,25,4,6.25,
11,2,Abbey Clancy,Aljaž,Cha-Cha-Cha,30,4,7.5,
11,2,Ashley Taylor Dawson,Ola,American Smooth,32,4,8.0,
11,3,Abbey Clancy,Aljaž,Jive,28,4,7.0,
11,3,Patrick Robinson,Anya,Foxtrot,27,4,6.75,
11,3,Dave Myers,Karen,Paso Doble,16,4,4.0,
11,3,Fiona Fullerton,Anton,Waltz,28,4,7.0,
11,3,Rachel Riley,Pasha,Cha-Cha-Cha,27,4,6.75,
11,3,Mark Benton,Iveta,American Smooth,26,4,6.5,
11,3,Ben Cohen,Kristina,Rumba,28,4,7.0,
11,3,Sophie Ellis-Bextor,Brendan,Samba,31,4,7.75,
11,3,Julien Macdonald,Janette,Jive,22,4,5.5,
11,3,Susanna Reid,Kevin,Viennese Waltz,34,4,8.5,
11,3,Vanessa Feltz,James,Tango,20,4,5.0,
11,3,Ashley Taylor Dawson,Ola,Samba,31,4,7.75,
11,3,Natalie Gumede,Artem,Rumba,36,4,9.0,
11,3,Deborah Meaden,Robin,Quickstep,28,4,7.0,
11,4,Sophie Ellis-Bextor,Brendan,Foxtrot,35,4,8.75,
11,4,Fiona Fullerton,Anton,Rumba,22,4,5.5,
11,4,Mark Benton,Iveta,Cha-Cha-Cha,26,4,6.5,
11,4,Ashley Taylor Dawson,Ola,Viennese Waltz,31,4,7.75,
11,4,Julien Macdonald,Janette,Salsa,23,4,5.75,
11,4,Rachel Riley,Pasha,Quickstep,26,4,6.5,
11,4,Ben Cohen,Kristina,Salsa,31,4,7.75,
11,4,Deborah Meaden,Robin,Jive,23,4,5.75,
11,4,Natalie Gumede,Artem,Quickstep,35,4,8.75,
11,4,Patrick Robinson,Anya,Cha-Cha-Cha,33,4,8.25,
11,4,Abbey Clancy,Aljaž,Tango,35,4,8.75,
11,4,Dave Myers,Karen,Waltz,23,4,5.75,
11,4,Susanna Reid,Kevin,Samba,29,4,7.25,
11,5,Natalie Gumede,Artem,Samba,35,4,8.75,
11,5,Abbey Clancy,Aljaž,Foxtrot,35,4,8.75,
11,5,Dave Myers,Karen,Salsa,17,4,4.25,
11,5,Deborah Meaden,Robin,Viennese Waltz,27,4,6.75,
11,5,Patrick Robinson,Anya,Salsa,28,4,7.0,
11,5,Fiona Fullerton,Anton,Quickstep,30,4,7.5,
11,5,Rachel Riley,Pasha,Paso Doble,22,4,5.5,
11,5,Mark Benton,Iveta,Waltz,28,4,7.0,
11,5,Ashley Taylor Dawson,Ola,Jive,31,4,7.75,
11,5,Susanna Reid,Kevin,American Smooth,32,4,8.0,
11,5,Ben Cohen,Kristina,Quickstep,27,4,6.75,
11,5,Sophie Ellis-Bextor,Brendan,Cha-Cha-Cha,30,4,7.5,
11,6,Patrick Robinson,Anya,Quickstep,34,4,8.5,
11,6,Fiona Fullerton,Anton,Charleston,28,4,7.0,
11,6,Ben Cohen,Kristina,Paso Doble,32,4,8.0,
11,6,Sophie Ellis-Bextor,Brendan,Jive,28,4,7.0,
11,6,Natalie Gumede,Artem,Viennese Waltz,38,4,9.5,
11,6,Mark Benton,Iveta,Paso Doble,25,4,6.25,
11,6,Rachel Riley,Pasha,American Smooth,30,4,7.5,
11,6,Ashley Taylor Dawson,Ola,Tango,33,4,8.25,
11,6,Abbey Clancy,Aljaž,Rumba,34,4,8.5,
11,6,Dave Myers,Karen,Jive,19,4,4.75,
11,6,Susanna Reid,Kevin,Charleston,34,4,8.5,
11,7,Ben Cohen,Kristina,Jive,26,4,6.5,
11,7,Fiona Fullerton,Anton,Paso Doble,26,4,6.5,
11,7,Abbey Clancy,Aljaž,Charleston,36,4,9.0,
11,7,Mark Benton,Iveta,Rumba,23,4,5.75,
11,7,Susanna Reid,Kevin,Waltz,36,4,9.0,
11,7,Dave Myers,Karen,Tango,20,4,5.0,
11,7,Ashley Taylor Dawson,Ola,Quickstep,35,4,8.75,
11,7,Sophie Ellis-Bextor,Brendan,Argentine Tango,32,4,8.0,
11,7,Patrick Robinson,Anya,American Smooth,37,4,9.25,
11,8,Sophie Ellis-Bextor,Brendan,Quickstep,34,4,8.5,
11,8,Patrick Robinson,Anya,Samba,35,4,8.75,
11,8,Ben Cohen,Kristina,American Smooth,32,4,8.0,
11,8,Ashley Taylor Dawson,Ola,Paso Doble,35,4,8.75,
11,8,Fiona Fullerton,Anton,American Smooth,29,4,7.25,
11,8,Abbey Clancy,Aljaž,Quickstep,37,4,9.25,
11,8,Mark Benton,Iveta,Jive,29,4,7.25,
11,8,Susanna Reid,Kevin,Paso Doble,39,4,9.75,
11,8,Natalie Gumede,Artem,Charleston,39,4,9.75,
11,9,Susanna Reid,Kevin,Cha-Cha-Cha,31,4,7.75,
11,9,Ashley Taylor Dawson,Ola,Waltz,35,4,8.75,
11,9,Natalie Gumede,Artem,Tango,37,4,9.25,
11,9,Mark Benton,Iveta,Foxtrot,28,4,7.0,
11,9,Sophie Ellis-Bextor,Brendan,Rumba,31,4,7.75,
11,9,Ben Cohen,Kristina,Charleston,27,4,6.75,
11,9,Abbey Clancy,Aljaž,Paso Doble,32,4,8.0,
11,9,Patrick Robinson,Anya,Viennese Waltz,32,4,8.0,
11,10,Patrick Robinson,Anya,Charleston,38,4,9.5,
11,10,Natalie Gumede,Artem,American Smooth,36,4,9.0,
11,10,Mark Benton,Iveta,Samba,29,4,7.25,
11,10,Sophie Ellis-Bextor,Brendan,Viennese Waltz,36,4,9.0,
11,10,Abbey Clancy,Aljaž,Salsa,40,4,10.0,
11,10,Ashley Taylor Dawson,Ola,Rumba,35,4,8.75,
11,10,Susanna Reid,Kevin,Quickstep,33,4,8.25,
11,11,Ashley Taylor Dawson,Ola,Salsa,35,4,8.75,
11,11,Natalie Gumede,Artem,Paso Doble,35,4,8.75,
11,11,Patrick Robinson,Anya,Rumba,36,4,9.0,
11,11,Susanna Reid,Kevin,Argentine Tango,32,4,8.0,
11,11,Abbey Clancy,Aljaž,Viennese Waltz,37,4,9.25,
11,11,Sophie Ellis-Bextor,Brendan,Tango,34,4,8.5,
11,12,Natalie Gumede,Artem,Salsa,40,4,10.0,
11,12,Natalie Gumede,Artem,Argentine Tango,38,4,9.5,
11,12,Patrick Robinson,Anya,Waltz,36,4,9.0,
11,12,Patrick Robinson,Anya,Paso Doble,33,4,8.25,
11,12,Sophie Ellis-Bextor,Brendan,Paso Doble,35,4,8.75,
11,12,Sophie Ellis-Bextor,Brendan,American Smooth,36,4,9.0,
11,12,Susanna Reid,Kevin,Foxtrot,38,4,9.5,
11,12,Susanna Reid,Kevin,Salsa,32,4,8.0,
11,12,Abbey Clancy,Aljaž,Samba,39,4,9.75,
11,12,Abbey Clancy,Aljaž,American Smooth,39,4,9.75,
11,13,Susanna Reid,Kevin,Quickstep,37,4,9.25,
11,13,Susanna Reid,Kevin,Showdance,36,4,9.0,
11,13,Abbey Clancy,Aljaž,Waltz,40,4,10.0,
11,13,Abbey Clancy,Aljaž,Showdance,38,4,9.5,
11,13,Natalie Gumede,Artem,Cha-Cha-Cha,39,4,9.75,
11,13,Natalie Gumede,Artem,Showdance,40,4,10.0,
11,13,Sophie Ellis-Bextor,Brendan,Viennese Waltz,39,4,9.75,
11,13,Sophie Ellis-Bextor,Brendan,Showdance,35,4,8.75,
11,13,Susanna Reid,Kevin,Paso Doble,39,4,9.75,
11,13,Abbey Clancy,Aljaž,Quickstep,38,4,9.5,
11,13,Natalie Gumede,Artem,American Smooth,40,4,10.0,
12,1,Caroline Flack,Pasha,Cha-Cha-Cha,27,4,6.75,
12,1,Tim Wonnacott,Natalie,Cha-Cha-Cha,18,4,4.5,
12,1,Jake Wood,Janette,Tango,28,4,7.0,
12,1,Judy Murray,Anton,Waltz,18,4,4.5,
12,1,Scott Mills,Joanne,Cha-Cha-Cha,16,4,4.0,
12,1,Pixie Lott,Trent,Jive,27,4,6.75,
12,1,Mark Wright,Karen,Cha-Cha-Cha,24,4,6.0,
12,1,Alison Hammond,Aljaž,Cha-Cha-Cha,26,4,6.5,
12,1,Steve Backshall,Ola,Tango,26,4,6.5,
12,1,Jennifer Gibney,Tristan,Jive,18,4,4.5,
12,1,Thom Evans,Iveta,Waltz,23,4,5.75,
12,1,Sunetra Sarker,Brendan,Tango,24,4,6.0,
12,1,Gregg Wallace,Aliona,Cha-Cha-Cha,18,4,4.5,
12,1,Frankie Bridge,Kevin,Waltz,30,4,7.5,
12,1,Simon Webbe,Kristina,Jive,27,4,6.75,
12,2,Thom Evans,Iveta,Salsa,25,4,6.25,
12,2,Jennifer Gibney,Tristan,Waltz,19,4,4.75,
12,2,Simon Webbe,Kristina,Tango,26,4,6.5,
12,2,Gregg Wallace,Aliona,Charleston,18,4,4.5,
12,2,Alison Hammond,Aljaž,Foxtrot,22,4,5.5,
12,2,Jake Wood,Janette,Salsa,35,4,8.75,
12,2,Judy Murray,Anton,Cha-Cha-Cha,17,4,4.25,
12,2,Caroline Flack,Pasha,Tango,29,4,7.25,
12,2,Tim Wonnacott,Natalie,Waltz,23,4,5.75,
12,2,Sunetra Sarker,Brendan,Cha-Cha-Cha,26,4,6.5,
12,2,Mark Wright,Karen,American Smooth,27,4,6.75,
12,2,Scott Mills,Joanne,Tango,20,4,5.0,
12,2,Pixie Lott,Trent,Waltz,35,4,8.75,
12,2,Steve Backshall,Ola,Cha-Cha-Cha,21,4,5.25,
12,2,Frankie Bridge,Kevin,Charleston,30,4,7.5,
12,3,Alison Hammond,Aljaž,Jive,28,5,5.6,
12,3,Steve Backshall,Ola,Quickstep,34,5,6.8,
12,3,Jennifer Gibney,Tristan,Foxtrot,23,5,4.6,
12,3,Simon Webbe,Kristina,Rumba,30,5,6.0,
12,3,Judy Murray,Anton,Quickstep,23,5,4.6,
12,3,Tim Wonnacott,Natalie,Charleston,22,5,4.4,
12,3,Caroline Flack,Pasha,Rumba,42,5,8.4,
12,3,Scott Mills,Joanne,Samba,25,5,5.0,
12,3,Frankie Bridge,Kevin,Paso Doble,45,5,9.0,
12,3,Jake Wood,Janette,Waltz,40,5,8.0,
12,3,Pixie Lott,Trent,Quickstep,43,5,8.6,
12,3,Thom Evans,Iveta,Charleston,38,5,7.6,
12,3,Sunetra Sarker,Brendan,American Smooth,40,5,8.0,
12,3,Mark Wright,Karen,Paso Doble,35,5,7.0,
12,4,Frankie Bridge,Kevin,Cha-Cha-Cha,32,4,8.0,
12,4,Mark Wright,Karen,Quickstep,29,4,7.25,
12,4,Judy Murray,Anton,Tango,22,4,5.5,
12,4,Simon Webbe,Kristina,Charleston,31,4,7.75,
12,4,Alison Hammond,Aljaž,Samba,27,4,6.75,
12,4,Scott Mills,Joanne,American Smooth,15,4,3.75,
12,4,Steve Backshall,Ola,Salsa,27,4,6.75,
12,4,Pixie Lott,Trent,Rumba,32,4,8.0,
12,4,Tim Wonnacott,Natalie,Paso Doble,19,4,4.75,
12,4,Sunetra Sarker,Brendan,Salsa,27,4,6.75,
12,4,Thom Evans,Iveta,Foxtrot,30,4,7.5,
12,4,Jake Wood,Janette,Jive,33,4,8.25,
12,4,Caroline Flack,Pasha,Quickstep,33,4,8.25,
12,5,Jake Wood,Janette,Quickstep,31,4,7.75,
12,5,Sunetra Sarker,Brendan,Viennese Waltz,30,4,7.5,
12,5,Scott Mills,Joanne,Charleston,19,4,4.75,
12,5,Thom Evans,Iveta,Cha-Cha-Cha,27,4,6.75,
12,5,Frankie Bridge,Kevin,Foxtrot,32,4,8.0,
12,5,Alison Hammond,Aljaž,Tango,23,4,5.75,
12,5,Mark Wright,Karen,Samba,33,4,8.25,
12,5,Simon Webbe,Kristina,Viennese Waltz,28,4,7.0,
12,5,Judy Murray,Anton,Charleston,18,4,4.5,
12,5,Caroline Flack,Pasha,Paso Doble,34,4,8.5,
12,5,Steve Backshall,Ola,Waltz,30,4,7.5,
12,5,Pixie Lott,Trent,Samba,35,4,8.75,
12,6,Sunetra Sarker,Brendan,Jive,27,4,6.75,
12,6,Alison Hammond,Aljaž,American Smooth,26,4,6.5,
12,6,Simon Webbe,Kristina,Paso Doble,29,4,7.25,
12,6,Steve Backshall,Ola,Charleston,26,4,6.5,
12,6,Pixie Lott,Trent,Tango,33,4,8.25,
12,6,Judy Murray,Anton,American Smooth,20,4,5.0,
12,6,Jake Wood,Janette,Paso Doble,29,4,7.25,
12,6,Caroline Flack,Pasha,Samba,32,4,8.0,
12,6,Scott Mills,Joanne,Foxtrot,21,4,5.25,
12,6,Mark Wright,Karen,Jive,35,4,8.75,
12,6,Frankie Bridge,Kevin,Tango,37,4,9.25,
12,7,Simon Webbe,Kristina,Quickstep,33,4,8.25,
12,7,Caroline Flack,Pasha,Waltz,31,4,7.75,
12,7,Jake Wood,Janette,Rumba,27,4,6.75,
12,7,Judy Murray,Anton,Paso Doble,18,4,4.5,
12,7,Sunetra Sarker,Brendan,Foxtrot,31,4,7.75,
12,7,Alison Hammond,Aljaž,Charleston,27,4,6.75,
12,7,Mark Wright,Karen,Waltz,31,4,7.75,
12,7,Frankie Bridge,Kevin,Samba,32,4,8.0,
12,7,Pixie Lott,Trent,Foxtrot,36,4,9.0,
12,7,Steve Backshall,Ola,Paso Doble,28,4,7.0,
12,8,Frankie Bridge,Kevin,Quickstep,37,4,9.25,
12,8,Jake Wood,Janette,American Smooth,36,4,9.0,
12,8,Sunetra Sarker,Brendan,Samba,30,4,7.5,
12,8,Simon Webbe,Kristina,Argentine Tango,38,4,9.5,
12,8,Judy Murray,Anton,Viennese Waltz,24,4,6.0,
12,8,Mark Wright,Karen,Charleston,36,4,9.0,
12,8,Pixie Lott,Trent,Paso Doble,38,4,9.5,
12,8,Steve Backshall,Ola,American Smooth,31,4,7.75,
12,8,Caroline Flack,Pasha,Jive,37,4,9.25,
12,9,Steve Backshall,Ola,Jive,23,4,5.75,
12,9,Caroline Flack,Pasha,American Smooth,33,4,8.25,
12,9,Pixie Lott,Trent,Charleston,37,4,9.25,
12,9,Mark Wright,Karen,Tango,32,4,8.0,
12,9,Frankie Bridge,Kevin,Viennese Waltz,38,4,9.5,
12,9,Jake Wood,Janette,Samba,38,4,9.5,
12,9,Sunetra Sarker,Brendan,Waltz,30,4,7.5,
12,9,Simon Webbe,Kristina,Salsa,36,4,9.0,
12,10,Pixie Lott,Trent,Viennese Waltz,38,4,9.5,
12,10,Mark Wright,Karen,Salsa,32,4,8.0,
12,10,Sunetra Sarker,Brendan,Rumba,27,4,6.75,
12,10,Caroline Flack,Pasha,Charleston,39,4,9.75,
12,10,Simon Webbe,Kristina,Waltz,38,4,9.5,
12,10,Frankie Bridge,Kevin,Jive,36,4,9.0,
12,10,Jake Wood,Janette,Argentine Tango,29,4,7.25,
12,11,Simon Webbe,Kristina,American Smooth,35,4,8.75,
12,11,Caroline Flack,Pasha,Argentine Tango,39,4,9.75,
12,11,Pixie Lott,Trent,Cha-Cha-Cha,35,4,8.75,
12,11,Mark Wright,Karen,Foxtrot,35,4,8.75,
12,11,Jake Wood,Janette,Charleston,38,4,9.5,
12,11,Frankie Bridge,Kevin,Salsa,34,4,8.5,
12,12,Jake Wood,Janette,Cha-Cha-Cha,30,4,7.5,
12,12,Jake Wood,Janette,Viennese Waltz,31,4,7.75,
12,12,Frankie Bridge,Kevin,Rumba,34,4,8.5,
12,12,Frankie Bridge,Kevin,Argentine Tango,38,4,9.5,
12,12,Mark Wright,Karen,Viennese Waltz,33,4,8.25,
12,12,Mark Wright,Karen,Rumba,33,4,8.25,
12,12,Simon Webbe,Kristina,Samba,30,4,7.5,
12,12,Simon Webbe,Kristina,Foxtrot,38,4,9.5,
12,12,Caroline Flack,Pasha,Foxtrot,35,4,8.75,
12,12,Caroline Flack,Pasha,Salsa,40,4,10.0,
12,13,Frankie Bridge,Kevin,Samba,39,4,9.75,
12,13,Frankie Bridge,Kevin,Showdance,38,4,9.5,
12,13,Mark Wright,Karen,Cha-Cha-Cha,35,4,8.75,
12,13,Mark Wright,Karen,Showdance,35,4,8.75,
12,13,Caroline Flack,Pasha,Cha-Cha-Cha,40,4,10.0,
12,13,Caroline Flack,Pasha,Showdance,40,4,10.0,
12,13,Simon Webbe,Kristina,Charleston,39,4,9.75,
12,13,Simon Webbe,Kristina,Showdance,39,4,9.75,
12,13,Frankie Bridge,Kevin,Paso Doble,39,4,9.75,
12,13,Caroline Flack,Pasha,Charleston,40,4,10.0,
12,13,Simon Webbe,Kristina,Argentine Tango,40,4,10.0,
13,1,Kellie Bright,Kevin,Tango,27,4,6.75,
13,1,Anthony Ogogo,Oti,Jive,21,4,5.25,
13,1,Helen George,Aljaž,Waltz,29,4,7.25,
13,1,Carol Kirkwood,Pasha,Cha-Cha-Cha,16,4,4.0,
13,1,Daniel O'Donnell,Kristina,Waltz,24,4,6.0,
13,1,Anita Rani,Gleb,Cha-Cha-Cha,27,4,6.75,
13,1,Jay McGuiness,Aliona,Cha-Cha-Cha,27,4,6.75,
13,1,Kirsty Gallacher,Brendan,Waltz,20,4,5.0,
13,1,Jeremy Vine,Karen,Cha-Cha-Cha,19,4,4.75,
13,1,Georgia May Foote,Giovanni,Jive,27,4,6.75,
13,1,Ainsley Harriott,Natalie,Tango,20,4,5.0,
13,1,Katie Derham,Anton,Jive,26,4,6.5,
13,1,Iwan Thomas,Ola,Tango,17,4,4.25,
13,1,Jamelia,Tristan,Waltz,21,4,5.25,
13,1,Peter Andre,Janette,Cha-Cha-Cha,30,4,7.5,
13,2,Jamelia,Tristan,Cha-Cha-Cha,21,4,5.25,
13,2,Daniel O'Donnell,Kristina,Charleston,23,4,5.75,
13,2,Kirsty Gallacher,Brendan,Salsa,20,4,5.0,
13,2,Jay McGuiness,Aliona,Waltz,31,4,7.75,
13,2,Iwan Thomas,Ola,Cha-Cha-Cha,13,4,3.25,
13,2,Georgia May Foote,Giovanni,Waltz,25,4,6.25,
13,2,Ainsley Harriott,Natalie,Salsa,26,4,6.5,
13,2,Carol Kirkwood,Pasha,Foxtrot,20,4,5.0,
13,2,Kellie Bright,Kevin,Cha-Cha-Cha,27,4,6.75,
13,2,Anthony Ogogo,Oti,Waltz,19,4,4.75,
13,2,Anita Rani,Gleb,Charleston,27,4,6.75,
13,2,Jeremy Vine,Karen,American Smooth,17,4,4.25,
13,2,Katie Derham,Anton,Tango,28,4,7.0,
13,2,Peter Andre,Janette,Quickstep,30,4,7.5,
13,2,Helen George,Aljaž,Cha-Cha-Cha,29,4,7.25,
13,3,Carol Kirkwood,Pasha,Quickstep,17,4,4.25,
13,3,Anthony Ogogo,Oti,Paso Doble,19,4,4.75,
13,3,Katie Derham,Anton,Cha-Cha-Cha,20,4,5.0,
13,3,Kellie Bright,Kevin,Charleston,32,4,8.0,
13,3,Ainsley Harriott,Natalie,Cha-Cha-Cha,20,4,5.0,
13,3,Georgia May Foote,Giovanni,Rumba,27,4,6.75,
13,3,Helen George,Aljaž,Foxtrot,32,4,8.0,
13,3,Daniel O'Donnell,Kristina,Cha-Cha-Cha,21,4,5.25,
13,3,Kirsty Gallacher,Brendan,American Smooth,23,4,5.75,
13,3,Peter Andre,Janette,Paso Doble,28,4,7.0,
13,3,Jamelia,Tristan,Salsa,25,4,6.25,
13,3,Jeremy Vine,Karen,Charleston,24,4,6.0,
13,3,Anita Rani,Gleb,American Smooth,29,4,7.25,
13,3,Jay McGuiness,Aliona,Jive,37,4,9.25,
13,4,Anita Rani,Gleb,Samba,27,4,6.75,
13,4,Daniel O'Donnell,Kristina,American Smooth,23,4,5.75,
13,4,Kirsty Gallacher,Brendan,Paso Doble,21,4,5.25,
13,4,Georgia May Foote,Giovanni,Quickstep,31,4,7.75,
13,4,Jeremy Vine,Karen,Jive,20,4,5.0,
13,4,Kellie Bright,Kevin,Foxtrot,32,4,8.0,
13,4,Jamelia,Tristan,Charleston,32,4,8.0,
13,4,Jay McGuiness,Aliona,Quickstep,25,4,6.25,
13,4,Carol Kirkwood,Pasha,Paso Doble,22,4,5.5,
13,4,Ainsley Harriott,Natalie,Waltz,26,4,6.5,
13,4,Helen George,Aljaž,Salsa,32,4,8.0,
13,4,Peter Andre,Janette,Tango,32,4,8.0,
13,4,Katie Derham,Anton,Viennese Waltz,33,4,8.25,
13,5,Georgia May Foote,Giovanni,Salsa,31,4,7.75,
13,5,Carol Kirkwood,Pasha,Viennese Waltz,21,4,5.25,
13,5,Anita Rani,Gleb,Tango,32,4,8.0,
13,5,Peter Andre,Janette,Rumba,29,4,7.25,
13,5,Kirsty Gallacher,Brendan,Viennese Waltz,29,4,7.25,
13,5,Ainsley Harriott,Natalie,Jive,21,4,5.25,
13,5,Jamelia,Tristan,Foxtrot,26,4,6.5,
13,5,Katie Derham,Anton,Salsa,21,4,5.25,
13,5,Jeremy Vine,Karen,Waltz,18,4,4.5,
13,5,Helen George,Aljaž,Quickstep,35,4,8.75,
13,5,Jay McGuiness,Aliona,Paso Doble,33,4,8.25,
13,5,Kellie Bright,Kevin,Jive,35,4,8.75,
13,6,Katie Derham,Anton,Paso Doble,21,4,5.25,
13,6,Kirsty Gallacher,Brendan,Charleston,17,4,4.25,
13,6,Jeremy Vine,Karen,Salsa,22,4,5.5,
13,6,Anita Rani,Gleb,Waltz,29,4,7.25,
13,6,Jamelia,Tristan,Jive,26,4,6.5,
13,6,Jay McGuiness,Aliona,American Smooth,34,4,8.5,
13,6,Kellie Bright,Kevin,Paso Doble,28,4,7.0,
13,6,Carol Kirkwood,Pasha,Rumba,13,4,3.25,
13,6,Georgia May Foote,Giovanni,Tango,35,4,8.75,
13,6,Peter Andre,Janette,Foxtrot,28,4,7.0,
13,6,Helen George,Aljaž,Samba,34,4,8.5,
13,7,Peter Andre,Janette,Charleston,38,4,9.5,
13,7,Jamelia,Tristan,Viennese Waltz,28,4,7.0,
13,7,Carol Kirkwood,Pasha,American Smooth,17,4,4.25,
13,7,Helen George,Aljaž,Rumba,31,4,7.75,
13,7,Jay McGuiness,Aliona,Argentine Tango,34,4,8.5,
13,7,Katie Derham,Anton,Quickstep,26,4,6.5,
13,7,Anita Rani,Gleb,Jive,34,4,8.5,
13,7,Kellie Bright,Kevin,Waltz,32,4,8.0,
13,7,Jeremy Vine,Karen,Tango,21,4,5.25,
13,7,Georgia May Foote,Giovanni,Samba,35,4,8.75,
13,8,Anita Rani,Gleb,Quickstep,32,4,8.0,
13,8,Jay McGuiness,Aliona,Foxtrot,30,4,7.5,
13,8,Jamelia,Tristan,Samba,26,4,6.5,
13,8,Helen George,Aljaž,Tango,34,4,8.5,
13,8,Katie Derham,Anton,Rumba,31,4,7.75,
13,8,Kellie Bright,Kevin,Samba,33,4,8.25,
13,8,Peter Andre,Janette,Viennese Waltz,34,4,8.5,
13,8,Georgia May Foote,Giovanni,Charleston,39,4,9.75,
13,8,Jeremy Vine,Karen,Quickstep,21,4,5.25,
13,9,Jay McGuiness,Aliona,Salsa,36,4,9.0,
13,9,Jamelia,Tristan,Quickstep,31,4,7.75,
13,9,Anita Rani,Gleb,Paso Doble,37,4,9.25,
13,9,Katie Derham,Anton,American Smooth,35,4,8.75,
13,9,Peter Andre,Janette,Jive,29,4,7.25,
13,9,Georgia May Foote,Giovanni,American Smooth,38,4,9.5,
13,9,Helen George,Aljaž,Charleston,34,4,8.5,
13,9,Kellie Bright,Kevin,Quickstep,37,4,9.25,
13,10,Kellie Bright,Kevin,Salsa,34,4,8.5,
13,10,Katie Derham,Anton,Argentine Tango,32,4,8.0,
13,10,Helen George,Aljaž,Viennese Waltz,39,4,9.75,
13,10,Jay McGuiness,Aliona,Tango,38,4,9.5,
13,10,Peter Andre,Janette,American Smooth,31,4,7.75,
13,10,Anita Rani,Gleb,Rumba,31,4,7.75,
13,10,Georgia May Foote,Giovanni,Paso Doble,33,4,8.25,
13,11,Georgia May Foote,Giovanni,Foxtrot,36,4,9.0,
13,11,Anita Rani,Gleb,Argentine Tango,31,4,7.75,
13,11,Kellie Bright,Kevin,Viennese Waltz,36,4,9.0,
13,11,Jay McGuiness,Aliona,Rumba,39,4,9.75,
13,11,Katie Derham,Anton,Foxtrot,35,4,8.75,
13,11,Helen George,Aljaž,Paso Doble,34,4,8.5,
13,12,Katie Derham,Anton,Charleston,25,4,6.25,
13,12,Katie Derham,Anton,Waltz,31,4,7.75,
13,12,Jay McGuiness,Aliona,Viennese Waltz,34,4,8.5,
13,12,Jay McGuiness,Aliona,Charleston,37,4,9.25,
13,12,Georgia May Foote,Giovanni,Cha-Cha-Cha,33,4,8.25,
13,12,Georgia May Foote,Giovanni,Viennese Waltz,38,4,9.5,
13,12,Anita Rani,Gleb,Foxtrot,32,4,8.0,
13,12,Anita Rani,Gleb,Salsa,32,4,8.0,
13,12,Kellie Bright,Kevin,Rumba,34,4,8.5,
13,12,Kellie Bright,Kevin,American Smooth,39,4,9.75,
13,13,Jay McGuiness,Aliona,Quickstep,36,4,9.0,
13,13,Jay McGuiness,Aliona,Showdance,35,4,8.75,
13,13,Georgia May Foote,Giovanni,Rumba,36,4,9.0,
13,13,Georgia May Foote,Giovanni,Showdance,36,4,9.0,
13,13,Kellie Bright,Kevin,Tango,40,4,10.0,
13,13,Kellie Bright,Kevin,Showdance,40,4,10.0,
13,13,Katie Derham,Anton,Quickstep,31,4,7.75,
13,13,Katie Derham,Anton,Showdance,31,4,7.75,
13,13,Jay McGuiness,Aliona,Paso Doble,39,4,9.75,
13,13,Georgia May Foote,Giovanni,Charleston,40,4,10.0,
13,13,Kellie Bright,Kevin,Charleston,39,4,9.75,
14,1,Laura Whitmore,Giovanni,Cha-Cha-Cha,25,4,6.25,
14,1,Naga Munchetty,Pasha,Waltz,23,4,5.75,
14,1,Judge Rinder,Oksana,Cha-Cha-Cha,25,4,6.25,
14,1,Lesley Joseph,Anton,Waltz,23,4,5.75,
14,1,Ore Oduba,Joanne,Tango,27,4,6.75,
14,1,Greg Rutherford,Natalie,Jive,27,4,6.75,
14,1,Louise Redknapp,Kevin,Jive,31,4,7.75,
14,1,Melvin Odoom,Janette,Cha-Cha-Cha,22,4,5.5,
14,1,Daisy Lowe,Aljaž,Waltz,32,4,8.0,
14,1,Danny Mac,Oti,Cha-Cha-Cha,31,4,7.75,
14,1,Tameka Empson,Gorka,Paso Doble,26,4,6.5,
14,1,Anastacia,Brendan,Cha-Cha-Cha,28,4,7.0,
14,1,Ed Balls,Katya,Waltz,21,4,5.25,
14,1,Claudia Fragapane,AJ,Cha-Cha-Cha,26,4,6.5,
14,1,Will Young,Karen,Tango,30,4,7.5,
14,2,Ore Oduba,Joanne,Cha-Cha-Cha,27,4,6.75,
14,2,Claudia Fragapane,AJ,Waltz,30,4,7.5,
14,2,Will Young,Karen,Jive,27,4,6.75,
14,2,Lesley Joseph,Anton,Cha-Cha-Cha,26,4,6.5,
14,2,Greg Rutherford,Natalie,Tango,26,4,6.5,
14,2,Tameka Empson,Gorka,Charleston,29,4,7.25,
14,2,Laura Whitmore,Giovanni,Waltz,32,4,8.0,
14,2,Melvin Odoom,Janette,Tango,23,4,5.75,
14,2,Louise Redknapp,Kevin,Viennese Waltz,32,4,8.0,
14,2,Anastacia,Brendan,Salsa,22,4,5.5,
14,2,Ed Balls,Katya,Charleston,23,4,5.75,
14,2,Naga Munchetty,Pasha,Cha-Cha-Cha,23,4,5.75,
14,2,Judge Rinder,Oksana,American Smooth,27,4,6.75,
14,2,Daisy Lowe,Aljaž,Cha-Cha-Cha,30,4,7.5,
14,2,Danny Mac,Oti,Viennese Waltz,32,4,8.0,
14,3,Daisy Lowe,Aljaž,Quickstep,31,4,7.75,
14,3,Anastacia,Brendan,Viennese Waltz,27,4,6.75,
14,3,Danny Mac,Oti,Paso Doble,36,4,9.0,
14,3,Lesley Joseph,Anton,Quickstep,27,4,6.75,
14,3,Will Young,Karen,Salsa,31,4,7.75,
14,3,Naga Munchetty,Pasha,Tango,25,4,6.25,
14,3,Judge Rinder,Oksana,Charleston,27,4,6.75,
14,3,Ore Oduba,Joanne,American Smooth,35,4,8.75,
14,3,Laura Whitmore,Giovanni,Salsa,30,4,7.5,
14,3,Greg Rutherford,Natalie,American Smooth,32,4,8.0,
14,3,Claudia Fragapane,AJ,Charleston,36,4,9.0,
14,3,Tameka Empson,Gorka,Tango,28,4,7.0,
14,3,Ed Balls,Katya,Samba,24,4,6.0,
14,3,Louise Redknapp,Kevin,Cha-Cha-Cha,31,4,7.75,
14,4,Greg Rutherford,Natalie,Salsa,28,4,7.0,
14,4,Laura Whitmore,Giovanni,Quickstep,33,4,8.25,
14,4,Anastacia,Brendan,Rumba,27,4,6.75,
14,4,Claudia Fragapane,AJ,Foxtrot,30,4,7.5,
14,4,Ed Balls,Katya,Paso Doble,16,4,4.0,
14,4,Naga Munchetty,Pasha,Charleston,24,4,6.0,
14,4,Louise Redknapp,Kevin,Foxtrot,33,4,8.25,
14,4,Danny Mac,Oti,Quickstep,36,4,9.0,
14,4,Daisy Lowe,Aljaž,Rumba,31,4,7.75,
14,4,Judge Rinder,Oksana,Viennese Waltz,27,4,6.75,
14,4,Lesley Joseph,Anton,Charleston,31,4,7.75,
14,4,Ore Oduba,Joanne,Jive,39,4,9.75,
14,5,Judge Rinder,Oksana,Jive,29,4,7.25,
14,5,Lesley Joseph,Anton,Tango,24,4,6.0,
14,5,Greg Rutherford,Natalie,Cha-Cha-Cha,24,4,6.0,
14,5,Anastacia,Gorka,Quickstep,30,4,7.5,
14,5,Louise Redknapp,Kevin,Rumba,33,4,8.25,
14,5,Ed Balls,Katya,American Smooth,18,4,4.5,
14,5,Ore Oduba,Joanne,Waltz,36,4,9.0,
14,5,Daisy Lowe,Aljaž,Charleston,32,4,8.0,
14,5,Danny Mac,Oti,Rumba,35,4,8.75,
14,5,Claudia Fragapane,AJ,Samba,32,4,8.0,
14,6,Louise Redknapp,Kevin,Charleston,35,4,8.75,
14,6,Judge Rinder,Oksana,Paso Doble,32,4,8.0,
14,6,Claudia Fragapane,AJ,American Smooth,36,4,9.0,
14,6,Anastacia,Brendan,Jive,25,4,6.25,
14,6,Danny Mac,Oti,Foxtrot,30,4,7.5,
14,6,Laura Whitmore,Giovanni,Tango,36,4,9.0,
14,6,Ore Oduba,Joanne,Charleston,32,4,8.0,
14,6,Greg Rutherford,Natalie,Rumba,26,4,6.5,
14,6,Daisy Lowe,Aljaž,Paso Doble,33,4,8.25,
14,6,Ed Balls,Katya,Cha-Cha-Cha,26,4,6.5,
14,7,Danny Mac,Oti,Jive,38,4,9.5,
14,7,Daisy Lowe,Aljaž,Viennese Waltz,34,4,8.5,
14,7,Ore Oduba,Joanne,Salsa,34,4,8.5,
14,7,Ed Balls,Katya,Quickstep,27,4,6.75,
14,7,Laura Whitmore,Giovanni,Samba,32,4,8.0,
14,7,Judge Rinder,Oksana,Quickstep,33,4,8.25,
14,7,Louise Redknapp,Kevin,Argentine Tango,39,4,9.75,
14,7,Greg Rutherford,Natalie,Viennese Waltz,32,4,8.0,
14,7,Claudia Fragapane,AJ,Paso Doble,33,4,8.25,
14,8,Daisy Lowe,Aljaž,Salsa,31,4,7.75,
14,8,Greg Rutherford,Natalie,Paso Doble,31,4,7.75,
14,8,Judge Rinder,Oksana,Foxtrot,33,4,8.25,
14,8,Ore Oduba,Joanne,Rumba,35,4,8.75,
14,8,Ed Balls,Katya,Salsa,25,4,6.25,
14,8,Claudia Fragapane,AJ,Viennese Waltz,36,4,9.0,
14,8,Danny Mac,Oti,Argentine Tango,38,4,9.5,
14,8,Louise Redknapp,Kevin,American Smooth,37,4,9.25,
14,9,Claudia Fragapane,AJ,Jive,36,4,9.0,
14,9,Ore Oduba,Joanne,Viennese Waltz,38,4,9.5,
14,9,Louise Redknapp,Kevin,Paso Doble,38,4,9.5,
14,9,Danny Mac,Oti,Charleston,40,4,10.0,
14,9,Ed Balls,Katya,Jive,23,4,5.75,
14,9,Greg Rutherford,Natalie,Quickstep,32,4,8.0,
14,9,Judge Rinder,Oksana,Salsa,33,4,8.25,
14,10,Danny Mac,Oti,Samba,40,4,10.0,
14,10,Ore Oduba,Joanne,Paso Doble,36,4,9.0,
14,10,Louise Redknapp,Kevin,Waltz,39,4,9.75,
14,10,Judge Rinder,Oksana,Rumba,29,4,7.25,
14,10,Ed Balls,Katya,Tango,23,4,5.75,
14,10,Claudia Fragapane,AJ,Argentine Tango,36,4,9.0,
14,11,Ore Oduba,Joanne,Foxtrot,36,4,9.0,
14,11,Judge Rinder,Oksana,Samba,31,4,7.75,
14,11,Louise Redknapp,Kevin,Quickstep,37,4,9.25,
14,11,Claudia Fragapane,AJ,Salsa,37,4,9.25,
14,11,Danny Mac,Oti,Tango,38,4,9.5,
14,12,Louise Redknapp,Kevin,Tango,37,4,9.25,
14,12,Louise Redknapp,Kevin,Samba,36,4,9.0,
14,12,Danny Mac,Oti,Salsa,37,4,9.25,
14,12,Danny Mac,Oti,American Smooth,39,4,9.75,
14,12,Claudia Fragapane,AJ,Rumba,35,4,8.75,
14,12,Claudia Fragapane,AJ,Quickstep,38,4,9.5,
14,12,Ore Oduba,Joanne,Quickstep,38,4,9.5,
14,12,Ore Oduba,Joanne,Argentine Tango,39,4,9.75,
14,13,Ore Oduba,Joanne,American Smooth,39,4,9.75,
14,13,Ore Oduba,Joanne,Showdance,40,4,10.0,
14,13,Ore Oduba,Joanne,Jive,40,4,10.0,
14,13,Louise Redknapp,Kevin,Cha-Cha-Cha,38,4,9.5,
14,13,Louise Redknapp,Kevin,Showdance,38,4,9.5,
14,13,Louise Redknapp,Kevin,Argentine Tango,40,4,10.0,
14,13,Danny Mac,Oti,Quickstep,36,4,9.0,
14,13,Danny Mac,Oti,Showdance,40,4,10.0,
14,13,Danny Mac,Oti,Samba,40,4,10.0,
15,1,Gemma Atkinson,Aljaž,Cha-Cha-Cha,20,4,5.0,
15,1,Brian Conley,Amy,Tango,16,4,4.0,
15,1,Alexandra Burke,Gorka,Waltz,24,4,6.0,
15,1,Simon Rimmer,Karen,Paso Doble,17,4,4.25,
15,1,Charlotte Hawkins,Brendan,Foxtrot,22,4,5.5,
15,1,Chizzy Akudolu,Pasha,Cha-Cha-Cha,21,4,5.25,
15,1,Jonnie Peacock,Oti,Waltz,20,4,5.0,
15,1,Joe McFadden,Katya,Jive,29,4,7.25,
15,1,Susan Calman,Kevin,Viennese Waltz,20,4,5.0,
15,1,Debbie McGee,Giovanni,Paso Doble,30,4,7.5,
15,1,Davood Ghadami,Nadiya,Cha-Cha-Cha,27,4,6.75,
15,1,Ruth Langsford,Anton,Waltz,16,4,4.0,
15,1,Rev. Richard Coles,Dianne,Cha-Cha-Cha,17,4,4.25,
15,1,Mollie King,AJ,Jive,23,4,5.75,
15,1,Aston Merrygold,Janette,Foxtrot,31,4,7.75,
15,2,Chizzy Akudolu,Pasha,Foxtrot,16,4,4.0,
15,2,Aston Merrygold,Janette,Salsa,32,4,8.0,
15,2,Susan Calman,Kevin,Charleston,22,4,5.5,
15,2,Charlotte Hawkins,Brendan,Cha-Cha-Cha,12,4,3.0,
15,2,Joe McFadden,Katya,Tango,22,4,5.5,
15,2,Brian Conley,Amy,Cha-Cha-Cha,19,4,4.75,
15,2,Gemma Atkinson,Aljaž,Waltz,26,4,6.5,
15,2,Rev. Richard Coles,Dianne,American Smooth,17,4,4.25,
15,2,Ruth Langsford,Anton,Charleston,20,4,5.0,
15,2,Simon Rimmer,Karen,Waltz,19,4,4.75,
15,2,Mollie King,AJ,Tango,25,4,6.25,
15,2,Jonnie Peacock,Oti,Jive,29,4,7.25,
15,2,Debbie McGee,Giovanni,Viennese Waltz,34,4,8.5,
15,2,Davood Ghadami,Nadiya,Quickstep,27,4,6.75,
15,2,Alexandra Burke,Gorka,Paso Doble,36,4,9.0,
15,3,Simon Rimmer,Karen,Quickstep,19,4,4.75,
15,3,Ruth Langsford,Anton,Rumba,15,4,3.75,
15,3,Mollie King,AJ,American Smooth,30,4,7.5,
15,3,Rev. Richard Coles,Dianne,Paso Doble,14,4,3.5,
15,3,Debbie McGee,Giovanni,Quickstep,29,4,7.25,
15,3,Brian Conley,Amy,American Smooth,22,4,5.5,
15,3,Gemma Atkinson,Aljaž,Charleston,31,4,7.75,
15,3,Charlotte Hawkins,Brendan,Tango,17,4,4.25,
15,3,Jonnie Peacock,Oti,Paso Doble,26,4,6.5,
15,3,Susan Calman,Kevin,Samba,20,4,5.0,
15,3,Joe McFadden,Katya,Viennese Waltz,32,4,8.0,
15,3,Aston Merrygold,Janette,Cha-Cha-Cha,35,4,8.75,
15,3,Alexandra Burke,Gorka,American Smooth,33,4,8.25,
15,3,Davood Ghadami,Nadiya,Samba,25,4,6.25,
15,4,Debbie McGee,Giovanni,Cha-Cha-Cha,27,4,6.75,
15,4,Brian Conley,Amy,Paso Doble,21,4,5.25,
15,4,Mollie King,AJ,Salsa,27,4,6.75,
15,4,Davood Ghadami,Nadiya,Viennese Waltz,29,4,7.25,
15,4,Charlotte Hawkins,Brendan,Jive,19,4,4.75,
15,4,Joe McFadden,Katya,Cha-Cha-Cha,24,4,6.0,
15,4,Ruth Langsford,Anton,Tango,24,4,6.0,
15,4,Aston Merrygold,Janette,Quickstep,32,4,8.0,
15,4,Simon Rimmer,Karen,Samba,19,4,4.75,
15,4,Gemma Atkinson,Aljaž,Paso Doble,35,4,8.75,
15,4,Alexandra Burke,Gorka,Jive,39,4,9.75,
15,4,Jonnie Peacock,Oti,American Smooth,31,4,7.75,
15,4,Susan Calman,Kevin,Quickstep,30,4,7.5,
15,5,Davood Ghadami,Nadiya,Jive,22,3,7.3333335,
15,5,Mollie King,AJ,Viennese Waltz,24,3,8.0,
15,5,Simon Rimmer,Karen,Charleston,16,3,5.3333335,
15,5,Debbie McGee,Giovanni,Rumba,27,3,9.0,
15,5,Brian Conley,Amy,Jive,16,3,5.3333335,
15,5,Susan Calman,Kevin,Cha-Cha-Cha,16,3,5.3333335,
15,5,Aston Merrygold,Janette,Waltz,24,3,8.0,
15,5,Ruth Langsford,Anton,Samba,16,3,5.3333335,
15,5,Gemma Atkinson,Aljaž,Foxtrot,24,3,8.0,
15,5,Joe McFadden,Katya,Paso Doble,26,3,8.666667,
15,5,Alexandra Burke,Gorka,Samba,23,3,7.6666665,
15,5,Jonnie Peacock,Oti,Quickstep,24,3,8.0,
15,6,Jonnie Peacock,Oti,Cha-Cha-Cha,20,4,5.0,
15,6,Ruth Langsford,Anton,Quickstep,22,4,5.5,
15,6,Simon Rimmer,Karen,American Smooth,16,4,4.0,
15,6,Gemma Atkinson,Aljaž,Jive,30,4,7.5,
15,6,Joe McFadden,Katya,Foxtrot,32,4,8.0,
15,6,Mollie King,AJ,Cha-Cha-Cha,27,4,6.75,
15,6,Alexandra Burke,Gorka,Tango,35,4,8.75,
15,6,Davood Ghadami,Nadiya,Rumba,25,4,6.25,
15,6,Susan Calman,Kevin,Foxtrot,18,4,4.5,
15,6,Debbie McGee,Giovanni,Charleston,39,4,9.75,
15,6,Aston Merrygold,Janette,Paso Doble,38,4,9.5,
15,7,Alexandra Burke,Gorka,Cha-Cha-Cha,39,4,9.75,
15,7,Mollie King,AJ,Foxtrot,27,4,6.75,
15,7,Joe McFadden,Katya,Charleston,36,4,9.0,
15,7,Gemma Atkinson,Aljaž,Salsa,26,4,6.5,
15,7,Aston Merrygold,Janette,Viennese Waltz,25,4,6.25,
15,7,Ruth Langsford,Anton,Paso Doble,22,4,5.5,
15,7,Debbie McGee,Giovanni,Tango,40,4,10.0,
15,7,Jonnie Peacock,Oti,Salsa,27,4,6.75,
15,7,Susan Calman,Kevin,Jive,29,4,7.25,
15,7,Davood Ghadami,Nadiya,American Smooth,35,4,8.75,
15,8,Susan Calman,Kevin,Tango,27,4,6.75,
15,8,Joe McFadden,Katya,Rumba,33,4,8.25,
15,8,Ruth Langsford,Anton,Foxtrot,18,4,4.5,
15,8,Davood Ghadami,Nadiya,Charleston,38,4,9.5,
15,8,Gemma Atkinson,Aljaž,Viennese Waltz,28,4,7.0,
15,8,Alexandra Burke,Gorka,Argentine Tango,38,4,9.5,
15,8,Mollie King,AJ,Paso Doble,22,4,5.5,
15,8,Jonnie Peacock,Oti,Foxtrot,21,4,5.25,
15,8,Debbie McGee,Giovanni,Salsa,35,4,8.75,
15,9,Mollie King,AJ,Charleston,29,4,7.25,
15,9,Susan Calman,Kevin,Paso Doble,25,4,6.25,
15,9,Debbie McGee,Giovanni,Samba,33,4,8.25,
15,9,Jonnie Peacock,Oti,Tango,26,4,6.5,
15,9,Gemma Atkinson,Aljaž,American Smooth,38,4,9.5,
15,9,Davood Ghadami,Nadiya,Paso Doble,35,4,8.75,
15,9,Alexandra Burke,Gorka,Quickstep,39,4,9.75,
15,9,Joe McFadden,Katya,Salsa,34,4,8.5,
15,10,Joe McFadden,Katya,Quickstep,38,4,9.5,
15,10,Alexandra Burke,Gorka,Rumba,32,4,8.0,
15,10,Gemma Atkinson,Aljaž,Samba,25,4,6.25,
15,10,Mollie King,AJ,Quickstep,31,4,7.75,
15,10,Davood Ghadami,Nadiya,Waltz,35,4,8.75,
15,10,Debbie McGee,Giovanni,Argentine Tango,38,4,9.5,
15,10,Susan Calman,Kevin,American Smooth,21,4,5.25,
15,11,Gemma Atkinson,Aljaž,Quickstep,29,4,7.25,
15,11,Mollie King,AJ,Rumba,31,4,7.75,
15,11,Joe McFadden,Katya,Samba,37,4,9.25,
15,11,Debbie McGee,Giovanni,American Smooth,39,4,9.75,
15,11,Davood Ghadami,Nadiya,Argentine Tango,29,4,7.25,
15,11,Alexandra Burke,Gorka,Charleston,39,4,9.75,
15,12,Joe McFadden,Katya,American Smooth,35,4,8.75,
15,12,Joe McFadden,Katya,Argentine Tango,35,4,8.75,
15,12,Alexandra Burke,Gorka,Viennese Waltz,39,4,9.75,
15,12,Alexandra Burke,Gorka,Salsa,40,4,10.0,
15,12,Mollie King,AJ,Samba,24,4,6.0,
15,12,Mollie King,AJ,Waltz,32,4,8.0,
15,12,Gemma Atkinson,Aljaž,Rumba,30,4,7.5,
15,12,Gemma Atkinson,Aljaž,Tango,32,4,8.0,
15,12,Debbie McGee,Giovanni,Jive,34,4,8.5,
15,12,Debbie McGee,Giovanni,Foxtrot,36,4,9.0,
15,13,Alexandra Burke,Gorka,American Smooth,40,4,10.0,
15,13,Alexandra Burke,Gorka,Showdance,39,4,9.75,
15,13,Alexandra Burke,Gorka,Jive,40,4,10.0,
15,13,Debbie McGee,Giovanni,Salsa,39,4,9.75,
15,13,Debbie McGee,Giovanni,Showdance,38,4,9.5,
15,13,Debbie McGee,Giovanni,Argentine Tango,40,4,10.0,
15,13,Gemma Atkinson,Aljaž,Paso Doble,38,4,9.5,
15,13,Gemma Atkinson,Aljaž,Showdance,37,4,9.25,
15,13,Gemma Atkinson,Aljaž,American Smooth,39,4,9.75,
15,13,Joe McFadden,Katya,Viennese Waltz,39,4,9.75,
15,13,Joe McFadden,Katya,Showdance,39,4,9.75,
15,13,Joe McFadden,Katya,Charleston,40,4,10.0,
16,1,Danny John-Jules,Amy,Foxtrot,27,4,6.75,
16,1,Kate Silverton,Aljaž,Cha-Cha-Cha,20,4,5.0,
16,1,Lauren Steadman,AJ,Waltz,25,4,6.25,
16,1,Seann Walsh,Katya,Tango,18,4,4.5,
16,1,Vick Hope,Graziano,Jive,18,4,4.5,
16,1,Susannah Constantine,Anton,Samba,12,4,3.0,
16,1,Charles Venn,Karen,Cha-Cha-Cha,25,4,6.25,
16,1,Ashley Roberts,Pasha,Viennese Waltz,29,4,7.25,
16,1,Dr. Ranj Singh,Janette,Cha-Cha-Cha,27,4,6.75,
16,1,Katie Piper,Gorka,Waltz,17,4,4.25,
16,1,Graeme Swann,Oti,Samba,22,4,5.5,
16,1,Stacey Dooley,Kevin,Quickstep,24,4,6.0,
16,1,Lee Ryan,Nadiya,Waltz,22,4,5.5,
16,1,Joe Sugg,Dianne,Jive,27,4,6.75,
16,1,Faye Tozer,Giovanni,Cha-Cha-Cha,29,4,7.25,
16,2,Stacey Dooley,Kevin,Cha-Cha-Cha,20,4,5.0,
16,2,Charles Venn,Karen,Quickstep,25,4,6.25,
16,2,Katie Piper,Gorka,Paso Doble,13,4,3.25,
16,2,Graeme Swann,Oti,American Smooth,15,4,3.75,
16,2,Kate Silverton,Aljaž,Tango,27,4,6.75,
16,2,Joe Sugg,Dianne,Charleston,31,4,7.75,
16,2,Susannah Constantine,Anton,Foxtrot,12,4,3.0,
16,2,Lee Ryan,Nadiya,Jive,26,4,6.5,
16,2,Danny John-Jules,Amy,Cha-Cha-Cha,28,4,7.0,
16,2,Vick Hope,Graziano,Waltz,27,4,6.75,
16,2,Dr. Ranj Singh,Janette,Salsa,24,4,6.0,
16,2,Faye Tozer,Giovanni,Viennese Waltz,31,4,7.75,
16,2,Lauren Steadman,AJ,Charleston,22,4,5.5,
16,2,Seann Walsh,Katya,Jive,15,4,3.75,
16,2,Ashley Roberts,Pasha,Cha-Cha-Cha,32,4,8.0,
16,3,Vick Hope,Graziano,Salsa,27,4,6.75,
16,3,Dr. Ranj Singh,Janette,Quickstep,20,4,5.0,
16,3,Lee Ryan,Nadiya,Cha-Cha-Cha,19,4,4.75,
16,3,Kate Silverton,Aljaž,Foxtrot,29,4,7.25,
16,3,Stacey Dooley,Kevin,Jive,32,4,8.0,
16,3,Joe Sugg,Dianne,American Smooth,26,4,6.5,
16,3,Graeme Swann,Oti,Charleston,31,4,7.75,
16,3,Ashley Roberts,Pasha,Salsa,35,4,8.75,
16,3,Katie Piper,Gorka,Foxtrot,22,4,5.5,
16,3,Seann Walsh,Katya,Paso Doble,30,4,7.5,
16,3,Lauren Steadman,AJ,Cha-Cha-Cha,20,4,5.0,
16,3,Charles Venn,Karen,American Smooth,25,4,6.25,
16,3,Faye Tozer,Giovanni,Quickstep,36,4,9.0,
16,3,Danny John-Jules,Amy,Paso Doble,28,4,7.0,
16,4,Joe Sugg,Dianne,Cha-Cha-Cha,26,4,6.5,
16,4,Vick Hope,Graziano,Quickstep,29,4,7.25,
16,4,Danny John-Jules,Amy,Viennese Waltz,27,4,6.75,
16,4,Faye Tozer,Giovanni,Rumba,29,4,7.25,
16,4,Katie Piper,Gorka,Jive,18,4,4.5,
16,4,Charles Venn,Karen,Salsa,25,4,6.25,
16,4,Lauren Steadman,AJ,Quickstep,25,4,6.25,
16,4,Dr. Ranj Singh,Janette,Paso Doble,27,4,6.75,
16,4,Kate Silverton,Aljaž,Samba,20,4,5.0,
16,4,Graeme Swann,Oti,Jive,26,4,6.5,
16,4,Ashley Roberts,Pasha,Tango,32,4,8.0,
16,4,Seann Walsh,Katya,Charleston,28,4,7.0,
16,4,Stacey Dooley,Kevin,Foxtrot,33,4,8.25,
16,5,Dr. Ranj Singh,Janette,American Smooth,25,4,6.25,
16,5,Lauren Steadman,AJ,Contemporary,24,4,6.0,
16,5,Graeme Swann,Oti,Tango,29,4,7.25,
16,5,Ashley Roberts,Pasha,Rumba,36,4,9.0,
16,5,Seann Walsh,Katya,Quickstep,24,4,6.0,
16,5,Stacey Dooley,Kevin,Samba,33,4,8.25,
16,5,Joe Sugg,Dianne,Waltz,29,4,7.25,
16,5,Vick Hope,Graziano,Cha-Cha-Cha,20,4,5.0,
16,5,Kate Silverton,Aljaž,Viennese Waltz,26,4,6.5,
16,5,Danny John-Jules,Amy,Jive,37,4,9.25,
16,5,Faye Tozer,Giovanni,Foxtrot,33,4,8.25,
16,5,Charles Venn,Karen,Street/Commercial,36,4,9.0,
16,6,Graeme Swann,Oti,Cha-Cha-Cha,21,4,5.25,
16,6,Stacey Dooley,Kevin,Tango,35,4,8.75,
16,6,Dr. Ranj Singh,Janette,Jive,20,4,5.0,
16,6,Kate Silverton,Aljaž,Rumba,20,4,5.0,
16,6,Danny John-Jules,Amy,American Smooth,30,4,7.5,
16,6,Ashley Roberts,Pasha,Charleston,39,4,9.75,
16,6,Seann Walsh,Katya,Viennese Waltz,20,4,5.0,
16,6,Charles Venn,Karen,Jive,25,4,6.25,
16,6,Faye Tozer,Giovanni,Theatre/Jazz,39,4,9.75,
16,6,Joe Sugg,Dianne,Foxtrot,35,4,8.75,
16,6,Lauren Steadman,AJ,Paso Doble,29,4,7.25,
16,7,Lauren Steadman,AJ,Jive,31,4,7.75,
16,7,Graeme Swann,Oti,Waltz,29,4,7.25,
16,7,Kate Silverton,Aljaž,Argentine Tango,23,4,5.75,
16,7,Dr. Ranj Singh,Janette,Samba,27,4,6.75,
16,7,Stacey Dooley,Kevin,Street/Commercial,36,4,9.0,
16,7,Danny John-Jules,Amy,Quickstep,22,4,5.5,
16,7,Ashley Roberts,Pasha,Foxtrot,39,4,9.75,
16,7,Faye Tozer,Giovanni,Tango,38,4,9.5,
16,7,Charles Venn,Karen,Viennese Waltz,28,4,7.0,
16,7,Joe Sugg,Dianne,Paso Doble,34,4,8.5,
16,8,Kate Silverton,Aljaž,Quickstep,30,4,7.5,
16,8,Danny John-Jules,Amy,Samba,27,4,6.75,
16,8,Ashley Roberts,Pasha,Contemporary,39,4,9.75,
16,8,Graeme Swann,Oti,Salsa,31,4,7.75,
16,8,Faye Tozer,Giovanni,Jive,36,4,9.0,
16,8,Stacey Dooley,Kevin,Waltz,32,4,8.0,
16,8,Joe Sugg,Dianne,Samba,32,4,8.0,
16,8,Lauren Steadman,AJ,Viennese Waltz,34,4,8.5,
16,8,Charles Venn,Karen,Charleston,35,4,8.75,
16,9,Stacey Dooley,Kevin,Salsa,33,4,8.25,
16,9,Lauren Steadman,AJ,Argentine Tango,25,4,6.25,
16,9,Graeme Swann,Oti,Theatre/Jazz,32,4,8.0,
16,9,Faye Tozer,Giovanni,Paso Doble,38,4,9.5,
16,9,Kate Silverton,Aljaž,American Smooth,30,4,7.5,
16,9,Charles Venn,Karen,Samba,38,4,9.5,
16,9,Joe Sugg,Dianne,Quickstep,38,4,9.5,
16,9,Ashley Roberts,Pasha,Jive,40,4,10.0,
16,10,Graeme Swann,Oti,Quickstep,24,4,6.0,
16,10,Ashley Roberts,Pasha,Samba,36,4,9.0,
16,10,Faye Tozer,Giovanni,Waltz,39,4,9.75,
16,10,Joe Sugg,Dianne,Street/Commercial,35,4,8.75,
16,10,Charles Venn,Karen,Tango,30,4,7.5,
16,10,Lauren Steadman,AJ,Salsa,23,4,5.75,
16,10,Stacey Dooley,Kevin,Paso Doble,39,4,9.75,
16,11,Lauren Steadman,AJ,American Smooth,35,4,8.75,
16,11,Faye Tozer,Giovanni,Charleston,40,4,10.0,
16,11,Charles Venn,Karen,Rumba,35,4,8.75,
16,11,Ashley Roberts,Pasha,Quickstep,38,4,9.5,
16,11,Stacey Dooley,Kevin,American Smooth,38,4,9.5,
16,11,Joe Sugg,Dianne,Salsa,36,4,9.0,
16,12,Stacey Dooley,Kevin,Charleston,39,4,9.75,
16,12,Stacey Dooley,Kevin,Viennese Waltz,36,4,9.0,
16,12,Joe Sugg,Dianne,Viennese Waltz,29,4,7.25,
16,12,Joe Sugg,Dianne,Argentine Tango,30,4,7.5,
16,12,Ashley Roberts,Pasha,Paso Doble,36,4,9.0,
16,12,Ashley Roberts,Pasha,American Smooth,40,4,10.0,
16,12,Lauren Steadman,AJ,Tango,31,4,7.75,
16,12,Lauren Steadman,AJ,Samba,23,4,5.75,
16,12,Faye Tozer,Giovanni,Samba,37,4,9.25,
16,12,Faye Tozer,Giovanni,Argentine Tango,39,4,9.75,
16,13,Ashley Roberts,Pasha,Salsa,40,4,10.0,
16,13,Ashley Roberts,Pasha,Showdance,40,4,10.0,
16,13,Ashley Roberts,Pasha,Charleston,40,4,10.0,
16,13,Stacey Dooley,Kevin,Foxtrot,39,4,9.75,
16,13,Stacey Dooley,Kevin,Showdance,36,4,9.0,
16,13,Stacey Dooley,Kevin,Paso Doble,39,4,9.75,
16,13,Faye Tozer,Giovanni,Viennese Waltz,40,4,10.0,
16,13,Faye Tozer,Giovanni,Showdance,40,4,10.0,
16,13,Faye Tozer,Giovanni,Theatre/Jazz,40,4,10.0,
16,13,Joe Sugg,Dianne,Paso Doble,39,4,9.75,
16,13,Joe Sugg,Dianne,Showdance,39,4,9.75,
16,13,Joe Sugg,Dianne,Charleston,38,4,9.5,
17,1,Alex Scott,Neil,Quickstep,21,4,5.25,
17,1,Chris Ramsey,Karen,Cha-Cha-Cha,13,4,3.25,
17,1,Catherine Tyldesley,Johannes,Viennese Waltz,20,4,5.0,
17,1,Saffron Barker,AJ,Tango,27,4,6.75,
17,1,Mike Bushell,Katya,Jive,22,4,5.5,
17,1,Emma Weymouth,Aljaž,Cha-Cha-Cha,19,4,4.75,
17,1,James Cracknell,Luba,Tango,11,4,2.75,
17,1,Kelvin Fletcher,Oti,Samba,32,4,8.0,
17,1,David James,Nadiya,Foxtrot,17,4,4.25,
17,1,Michelle Visage,Giovanni,Cha-Cha-Cha,30,4,7.5,
17,1,Dev Griffin,Dianne,Foxtrot,30,4,7.5,
17,1,Anneka Rice,Kevin,Cha-Cha-Cha,14,4,3.5,
17,1,Will Bayley,Janette,Quickstep,26,4,6.5,
17,1,Karim Zeroual,Amy,Cha-Cha-Cha,31,4,7.75,
17,1,Emma Barton,Anton,Jive,23,4,5.75,
17,2,Saffron Barker,AJ,Cha-Cha-Cha,23,4,5.75,
17,2,Anneka Rice,Kevin,Waltz,19,4,4.75,
17,2,Dev Griffin,Dianne,Jive,27,4,6.75,
17,2,Emma Weymouth,Aljaž,Tango,22,4,5.5,
17,2,Chris Ramsey,Karen,Charleston,26,4,6.5,
17,2,Emma Barton,Anton,Foxtrot,24,4,6.0,
17,2,James Cracknell,Luba,Jive,13,4,3.25,
17,2,Catherine Tyldesley,Johannes,Samba,19,4,4.75,
17,2,Michelle Visage,Giovanni,Viennese Waltz,32,4,8.0,
17,2,David James,Nadiya,Paso Doble,10,4,2.5,
17,2,Karim Zeroual,Amy,Foxtrot,32,4,8.0,
17,2,Mike Bushell,Katya,American Smooth,14,4,3.5,
17,2,Alex Scott,Neil,Cha-Cha-Cha,22,4,5.5,
17,2,Kelvin Fletcher,Oti,Waltz,28,4,7.0,
17,2,Will Bayley,Janette,Salsa,24,4,6.0,
17,3,Michelle Visage,Giovanni,Quickstep,35,4,8.75,
17,3,Alex Scott,Neil,Rumba,23,4,5.75,
17,3,Chris Ramsey,Karen,American Smooth,22,4,5.5,
17,3,Karim Zeroual,Amy,Samba,26,4,6.5,
17,3,Catherine Tyldesley,Johannes,Rumba,32,4,8.0,
17,3,Will Bayley,Janette,Paso Doble,23,4,5.75,
17,3,Kelvin Fletcher,Oti,Charleston,38,4,9.5,
17,3,Emma Weymouth,Aljaž,Foxtrot,28,4,7.0,
17,3,Anneka Rice,Kevin,Charleston,11,4,2.75,
17,3,Saffron Barker,AJ,Paso Doble,28,4,7.0,
17,3,Mike Bushell,Katya,Cha-Cha-Cha,18,4,4.5,
17,3,David James,Nadiya,American Smooth,16,4,4.0,
17,3,Emma Barton,Anton,Salsa,27,4,6.75,
17,3,Dev Griffin,Dianne,Street/Commercial,36,4,9.0,
17,4,Chris Ramsey,Karen,Jive,26,4,6.5,
17,4,Emma Barton,Anton,Viennese Waltz,35,4,8.75,
17,4,Dev Griffin,Dianne,Cha-Cha-Cha,27,4,6.75,
17,4,Catherine Tyldesley,Johannes,Charleston,30,4,7.5,
17,4,Alex Scott,Neil,Tango,23,4,5.75,
17,4,David James,Nadiya,Quickstep,28,4,7.0,
17,4,Kelvin Fletcher,Oti,Rumba,36,4,9.0,
17,4,Emma Weymouth,Aljaž,Jive,28,4,7.0,
17,4,Michelle Visage,Giovanni,Salsa,31,4,7.75,
17,4,Will Bayley,Janette,Foxtrot,24,4,6.0,
17,4,Mike Bushell,Katya,Quickstep,32,4,8.0,
17,4,Saffron Barker,AJ,Contemporary,33,4,8.25,
17,4,Karim Zeroual,Amy,Tango,38,4,9.5,
17,5,Kelvin Fletcher,Oti,Cha-Cha-Cha,33,4,8.25,
17,5,David James,Nadiya,Jive,16,4,4.0,
17,5,Catherine Tyldesley,Johannes,Tango,28,4,7.0,
17,5,Karim Zeroual,Amy,Salsa,36,4,9.0,
17,5,Michelle Visage,Giovanni,Rumba,29,4,7.25,
17,5,Emma Barton,Anton,Paso Doble,26,4,6.5,
17,5,Alex Scott,Neil,Charleston,33,4,8.25,
17,5,Emma Weymouth,Aljaž,Viennese Waltz,36,4,9.0,
17,5,Mike Bushell,Katya,Samba,21,4,5.25,
17,5,Will Bayley,Janette,Contemporary,32,4,8.0,
17,5,Chris Ramsey,Karen,Quickstep,25,4,6.25,
17,5,Saffron Barker,AJ,Foxtrot,38,4,9.5,
17,6,Emma Barton,Anton,Tango,28,4,7.0,
17,6,Emma Weymouth,Aljaž,Charleston,30,4,7.5,
17,6,Chris Ramsey,Karen,Samba,23,4,5.75,
17,6,Saffron Barker,AJ,Jive,33,4,8.25,
17,6,Mike Bushell,Katya,Tango,26,4,6.5,
17,6,Karim Zeroual,Amy,Paso Doble,29,4,7.25,
17,6,Catherine Tyldesley,Johannes,Cha-Cha-Cha,24,4,6.0,
17,6,Michelle Visage,Giovanni,Foxtrot,39,4,9.75,
17,6,Kelvin Fletcher,Oti,Tango,36,4,9.0,
17,6,Alex Scott,Kevin,Street/Commercial,34,4,8.5,
17,7,Karim Zeroual,Amy,Quickstep,39,4,9.75,
17,7,Michelle Visage,Giovanni,Paso Doble,34,4,8.5,
17,7,Emma Weymouth,Aljaž,Samba,26,4,6.5,
17,7,Kelvin Fletcher,Oti,Viennese Waltz,34,4,8.5,
17,7,Saffron Barker,AJ,Salsa,27,4,6.75,
17,7,Alex Scott,Kevin,American Smooth,31,4,7.75,
17,7,Chris Ramsey,Karen,Street/Commercial,34,4,8.5,
17,7,Emma Barton,Anton,Rumba,22,4,5.5,
17,7,Mike Bushell,Katya,Charleston,30,4,7.5,
17,8,Alex Scott,Neil,Jive,31,4,7.75,
17,8,Mike Bushell,Katya,Paso Doble,25,4,6.25,
17,8,Karim Zeroual,Amy,Viennese Waltz,30,4,7.5,
17,8,Chris Ramsey,Karen,Tango,26,4,6.5,
17,8,Michelle Visage,Giovanni,American Smooth,36,4,9.0,
17,8,Emma Barton,Anton,Theatre/Jazz,33,4,8.25,
17,8,Saffron Barker,AJ,Waltz,39,4,9.75,
17,8,Kelvin Fletcher,Oti,Salsa,35,4,8.75,
17,9,Chris Ramsey,Karen,Salsa,33,4,8.25,
17,9,Emma Barton,Anton,American Smooth,37,4,9.25,
17,9,Alex Scott,Neil,Paso Doble,34,4,8.5,
17,9,Kelvin Fletcher,Oti,Jive,39,4,9.75,
17,9,Saffron Barker,AJ,Quickstep,35,4,8.75,
17,9,Michelle Visage,Giovanni,Street/Commercial,32,4,8.0,
17,9,Karim Zeroual,Amy,Charleston,39,4,9.75,
17,10,Saffron Barker,AJ,Samba,26,4,6.5,
17,10,Karim Zeroual,Amy,Contemporary,38,4,9.5,
17,10,Alex Scott,Neil,Argentine Tango,26,4,6.5,
17,10,Kelvin Fletcher,Oti,Street/Commercial,38,4,9.5,
17,10,Emma Barton,Anton,Quickstep,29,4,7.25,
17,10,Chris Ramsey,Karen,Paso Doble,31,4,7.75,
17,11,Chris Ramsey,Karen,Foxtrot,28,4,7.0,
17,11,Alex Scott,Neil,Samba,27,4,6.75,
17,11,Kelvin Fletcher,Oti,American Smooth,39,4,9.75,
17,11,Karim Zeroual,Amy,Jive,40,4,10.0,
17,11,Emma Barton,Anton,Charleston,39,4,9.75,
17,12,Emma Barton,Anton,Cha-Cha-Cha,31,4,7.75,
17,12,Emma Barton,Anton,Waltz,36,4,9.0,
17,12,Kelvin Fletcher,Oti,Quickstep,40,4,10.0,
17,12,Kelvin Fletcher,Oti,Paso Doble,37,4,9.25,
17,12,Chris Ramsey,Karen,Viennese Waltz,26,4,6.5,
17,12,Chris Ramsey,Karen,Rumba,28,4,7.0,
17,12,Karim Zeroual,Amy,Argentine Tango,36,4,9.0,
17,12,Karim Zeroual,Amy,American Smooth,38,4,9.5,
17,13,Karim Zeroual,Amy,Quickstep,40,4,10.0,
17,13,Karim Zeroual,Amy,Showdance,39,4,9.75,
17,13,Karim Zeroual,Amy,Jive,40,4,10.0,
17,13,Emma Barton,Anton,Charleston,39,4,9.75,
17,13,Emma Barton,Anton,Showdance,38,4,9.5,
17,13,Emma Barton,Anton,Viennese Waltz,39,4,9.75,
17,13,Kelvin Fletcher,Oti,Rumba,39,4,9.75,
17,13,Kelvin Fletcher,Oti,Showdance,40,4,10.0,
17,13,Kelvin Fletcher,Oti,Samba,39,4,9.75,
18,1,Jamie Laing,Karen,Cha-Cha-Cha,14,3,4.6666665,
18,1,Caroline Quentin,Johannes,American Smooth,21,3,7.0,
18,1,Max George,Dianne,Tango,17,3,5.6666665,
18,1,Clara Amfo,Aljaž,Cha-Cha-Cha,18,3,6.0,
18,1,Jacqui Smith,Anton,Foxtrot,13,3,4.3333335,
18,1,JJ Chalmers,Amy,Waltz,19,3,6.3333335,
18,1,Maisie Smith,Gorka,Samba,24,3,8.0,
18,1,Jason Bell,Luba,American Smooth,16,3,5.3333335,
18,1,Ranvir Singh,Giovanni,Paso Doble,21,3,7.0,
18,1,Nicola Adams,Katya,Quickstep,21,3,7.0,
18,1,Bill Bailey,Oti,Cha-Cha-Cha,15,3,5.0,
18,1,HRVY,Janette,Jive,25,3,8.333333,
18,2,Max George,Dianne,Jive,20,3,6.6666665,
18,2,Clara Amfo,Aljaž,Viennese Waltz,17,3,5.6666665,
18,2,Bill Bailey,Oti,Quickstep,24,3,8.0,
18,2,JJ Chalmers,Amy,Paso Doble,17,3,5.6666665,
18,2,Jamie Laing,Karen,American Smooth,17,3,5.6666665,
18,2,Maisie Smith,Gorka,Tango,25,3,8.333333,
18,2,Jacqui Smith,Anton,Samba,12,3,4.0,
18,2,HRVY,Janette,Viennese Waltz,24,3,8.0,
18,2,Ranvir Singh,Giovanni,Quickstep,21,3,7.0,
18,2,Nicola Adams,Katya,Street/Commercial,24,3,8.0,
18,2,Caroline Quentin,Johannes,Paso Doble,21,3,7.0,
18,2,Jason Bell,Luba,Salsa,18,3,6.0,
18,3,Nicola Adams,Katya,Jive,19,3,6.3333335,
18,3,Maisie Smith,Gorka,American Smooth,24,3,8.0,
18,3,Caroline Quentin,Johannes,Theatre/Jazz,21,3,7.0,
18,3,Jason Bell,Luba,Paso Doble,12,3,4.0,
18,3,JJ Chalmers,Amy,Foxtrot,24,3,8.0,
18,3,HRVY,Janette,Cha-Cha-Cha,21,3,7.0,
18,3,Ranvir Singh,Giovanni,Foxtrot,27,3,9.0,
18,3,Jamie Laing,Karen,Charleston,23,3,7.6666665,
18,3,Clara Amfo,Aljaž,Tango,20,3,6.6666665,
18,3,Max George,Dianne,Street/Commercial,24,3,8.0,
18,3,Bill Bailey,Oti,Paso Doble,26,3,8.666667,
18,4,HRVY,Janette,Salsa,27,3,9.0,
18,4,Ranvir Singh,Giovanni,Cha-Cha-Cha,20,3,6.6666665,
18,4,Max George,Dianne,American Smooth,20,3,6.6666665,
18,4,JJ Chalmers,Amy,Jive,17,3,5.6666665,
18,4,Maisie Smith,Gorka,Cha-Cha-Cha,24,3,8.0,
18,4,Bill Bailey,Oti,Street/Commercial,27,3,9.0,
18,4,Caroline Quentin,Johannes,Waltz,22,3,7.3333335,
18,4,Jamie Laing,Karen,Samba,25,3,8.333333,
18,4,Clara Amfo,Aljaž,Charleston,29,3,9.666667,
18,5,Bill Bailey,Oti,American Smooth,25,3,8.333333,
18,5,Maisie Smith,Gorka,Salsa,27,3,9.0,
18,5,JJ Chalmers,Amy,Quickstep,25,3,8.333333,
18,5,Clara Amfo,Aljaž,Samba,18,3,6.0,
18,5,Jamie Laing,Karen,Street/Commercial,29,3,9.666667,
18,5,HRVY,Janette,Tango,26,3,8.666667,
18,5,Caroline Quentin,Johannes,Cha-Cha-Cha,24,3,8.0,
18,5,Ranvir Singh,Giovanni,Argentine Tango,27,3,9.0,
18,6,Clara Amfo,Aljaž,Jive,19,3,6.3333335,
18,6,Jamie Laing,Karen,Tango,24,3,8.0,
18,6,HRVY,Janette,Street/Commercial,30,3,10.0,
18,6,Ranvir Singh,Giovanni,American Smooth,24,3,8.0,
18,6,Bill Bailey,Oti,Jive,24,3,8.0,
18,6,JJ Chalmers,Amy,Viennese Waltz,25,3,8.333333,
18,6,Maisie Smith,Gorka,Quickstep,29,3,9.666667,
18,7,JJ Chalmers,Amy,Charleston,20,3,6.6666665,
18,7,Ranvir Singh,Giovanni,Viennese Waltz,27,3,9.0,
18,7,Maisie Smith,Gorka,Jive,28,3,9.333333,
18,7,Bill Bailey,Oti,Argentine Tango,24,3,8.0,
18,7,HRVY,Janette,American Smooth,29,3,9.666667,
18,7,Jamie Laing,Karen,Jive,24,3,8.0,
18,8,Jamie Laing,Karen,Salsa,24,3,8.0,
18,8,Jamie Laing,Karen,Quickstep,24,3,8.0,
18,8,Ranvir Singh,Giovanni,Waltz,26,3,8.666667,
18,8,Ranvir Singh,Giovanni,Jive,18,3,6.0,
18,8,Bill Bailey,Oti,Charleston,25,3,8.333333,
18,8,Bill Bailey,Oti,Tango,23,3,7.6666665,
18,8,Maisie Smith,Gorka,Street/Commercial,30,3,10.0,
18,8,Maisie Smith,Gorka,Viennese Waltz,29,3,9.666667,
18,8,HRVY,Janette,Rumba,23,3,7.6666665,
18,8,HRVY,Janette,Charleston,30,3,10.0,
18,9,HRVY,Janette,Jive,29,3,9.666667,
18,9,HRVY,Janette,Showdance,29,3,9.666667,
18,9,HRVY,Janette,American Smooth,30,3,10.0,
18,9,Jamie Laing,Karen,Charleston,26,3,8.666667,
18,9,Jamie Laing,Karen,Showdance,29,3,9.666667,
18,9,Jamie Laing,Karen,Street/Commercial,29,3,9.666667,
18,9,Bill Bailey,Oti,Quickstep,29,3,9.666667,
18,9,Bill Bailey,Oti,Showdance,30,3,10.0,
18,9,Bill Bailey,Oti,Street/Commercial,29,3,9.666667,
18,9,Maisie Smith,Gorka,Samba,29,3,9.666667,
18,9,Maisie Smith,Gorka,Showdance,30,3,10.0,
18,9,Maisie Smith,Gorka,Quickstep,29,3,9.666667,
